ward_id,ward_name,year,month,date,rainfall_mm,avg_temp_c,groundwater_depth_m,tanker_price_inr,population_density,complaint_count,risk_score,risk_label
1,Whitefield,2024,7,2024-07-01,60.6,29.8,16.95,1047.0,16993,35,62.1,High
1,Whitefield,2024,8,2024-08-01,94.2,27.1,16.71,1018.0,15693,26,58.7,High
1,Whitefield,2024,9,2024-09-01,144.7,24.5,16.5,1043.0,15653,34,63.7,High
1,Whitefield,2024,10,2024-10-01,112.0,21.4,16.33,992.0,15825,25,60.2,High
1,Whitefield,2024,11,2024-11-01,42.9,20.5,16.41,1014.0,17586,29,56.1,High
1,Whitefield,2024,12,2024-12-01,10.2,19.3,16.5,1020.0,17049,24,45.3,Medium
1,Whitefield,2025,1,2025-01-01,2.7,19.0,16.53,973.0,16196,32,57.9,High
1,Whitefield,2025,2,2025-02-01,5.7,21.5,16.56,1058.0,16936,32,56.6,High
1,Whitefield,2025,3,2025-03-01,12.3,24.4,16.74,1679.0,16920,46,90.0,Critical
1,Whitefield,2025,4,2025-04-01,38.3,28.6,16.9,1589.0,16271,42,76.0,Critical
1,Whitefield,2025,5,2025-05-01,96.9,31.0,17.07,1658.0,16431,51,87.6,Critical
1,Whitefield,2025,6,2025-06-01,64.4,30.6,17.13,1004.0,16809,35,63.5,High
1,Whitefield,2025,7,2025-07-01,66.4,31.3,17.18,989.0,15734,25,60.4,High
1,Whitefield,2025,8,2025-08-01,108.6,27.9,16.93,1011.0,17632,31,63.4,High
1,Whitefield,2025,9,2025-09-01,162.7,24.1,16.73,1037.0,16714,27,54.8,Medium
1,Whitefield,2025,10,2025-10-01,101.0,21.9,16.52,1058.0,17392,27,61.3,High
1,Whitefield,2025,11,2025-11-01,35.8,20.7,16.61,995.0,16918,32,56.7,High
1,Whitefield,2025,12,2025-12-01,9.9,19.2,16.69,1020.0,15641,28,46.0,Medium
1,Whitefield,2026,1,2026-01-01,3.5,20.6,16.78,1000.0,15756,35,63.4,High
1,Whitefield,2026,2,2026-02-01,5.0,22.1,16.8,1046.0,17172,25,60.2,High
1,Whitefield,2026,3,2026-03-01,11.4,24.6,17.02,1633.0,16064,46,92.2,Critical
1,Whitefield,2026,4,2026-04-01,29.6,27.7,17.25,1665.0,16516,46,88.2,Critical
1,Whitefield,2026,5,2026-05-01,73.2,30.0,17.45,1631.0,16080,40,91.4,Critical
1,Whitefield,2026,6,2026-06-01,63.3,31.9,17.54,996.0,16116,32,59.8,High
2,Mahadevapura,2024,7,2024-07-01,89.3,30.4,15.48,1015.0,16775,25,39.0,Medium
2,Mahadevapura,2024,8,2024-08-01,96.4,27.9,15.26,1004.0,16507,35,50.8,Medium
2,Mahadevapura,2024,9,2024-09-01,139.2,24.7,15.08,952.0,15540,28,49.4,Medium
2,Mahadevapura,2024,10,2024-10-01,111.3,21.5,14.9,967.0,16883,29,45.5,Medium
2,Mahadevapura,2024,11,2024-11-01,50.1,20.5,15.0,1018.0,16857,24,42.6,Medium
2,Mahadevapura,2024,12,2024-12-01,8.1,18.8,15.01,963.0,17131,26,56.2,High
2,Mahadevapura,2025,1,2025-01-01,3.0,19.7,15.11,1027.0,16272,32,49.7,Medium
2,Mahadevapura,2025,2,2025-02-01,5.6,23.0,15.18,984.0,16656,23,51.0,Medium
2,Mahadevapura,2025,3,2025-03-01,11.4,25.7,15.33,1619.0,15320,40,80.6,Critical
2,Mahadevapura,2025,4,2025-04-01,36.7,27.5,15.47,1618.0,15652,45,82.9,Critical
2,Mahadevapura,2025,5,2025-05-01,81.2,30.4,15.66,1630.0,15569,47,82.0,Critical
2,Mahadevapura,2025,6,2025-06-01,69.4,31.4,15.69,974.0,16664,23,49.0,Medium
2,Mahadevapura,2025,7,2025-07-01,91.2,31.2,15.7,964.0,15690,34,56.1,High
2,Mahadevapura,2025,8,2025-08-01,113.9,27.8,15.45,1020.0,16567,30,57.5,High
2,Mahadevapura,2025,9,2025-09-01,153.6,24.0,15.27,962.0,16487,34,46.9,Medium
2,Mahadevapura,2025,10,2025-10-01,103.5,21.2,15.06,954.0,16370,32,52.0,Medium
2,Mahadevapura,2025,11,2025-11-01,44.1,19.4,15.11,1018.0,16852,23,45.4,Medium
2,Mahadevapura,2025,12,2025-12-01,8.3,18.0,15.19,994.0,15684,32,57.3,High
2,Mahadevapura,2026,1,2026-01-01,3.0,18.8,15.2,1018.0,16968,29,58.8,High
2,Mahadevapura,2026,2,2026-02-01,6.3,21.3,15.22,961.0,16958,33,58.4,High
2,Mahadevapura,2026,3,2026-03-01,13.2,24.4,15.38,1535.0,16720,49,76.8,Critical
2,Mahadevapura,2026,4,2026-04-01,35.9,27.3,15.61,1621.0,17112,48,90.2,Critical
2,Mahadevapura,2026,5,2026-05-01,68.1,30.7,15.77,1634.0,16764,48,96.9,Critical
2,Mahadevapura,2026,6,2026-06-01,65.7,31.6,15.79,1032.0,16877,25,59.7,High
3,Marathahalli,2024,7,2024-07-01,69.7,30.8,16.35,961.0,15786,27,61.1,High
3,Marathahalli,2024,8,2024-08-01,116.4,27.6,16.15,994.0,17362,30,57.1,High
3,Marathahalli,2024,9,2024-09-01,121.5,26.0,15.9,1044.0,15931,24,55.6,High
3,Marathahalli,2024,10,2024-10-01,131.8,21.7,15.7,994.0,16170,30,47.6,Medium
3,Marathahalli,2024,11,2024-11-01,45.0,18.9,15.79,999.0,16839,33,57.0,High
3,Marathahalli,2024,12,2024-12-01,8.6,18.2,15.86,980.0,16028,34,62.1,High
3,Marathahalli,2025,1,2025-01-01,2.8,19.5,15.91,988.0,15991,25,52.3,Medium
3,Marathahalli,2025,2,2025-02-01,7.1,22.4,16.01,1012.0,16002,30,42.6,Medium
3,Marathahalli,2025,3,2025-03-01,10.4,24.9,16.2,1623.0,16330,44,82.7,Critical
3,Marathahalli,2025,4,2025-04-01,33.6,28.9,16.41,1584.0,15570,45,87.3,Critical
3,Marathahalli,2025,5,2025-05-01,77.6,30.9,16.62,1642.0,15849,41,78.8,Critical
3,Marathahalli,2025,6,2025-06-01,64.5,31.0,16.71,975.0,16229,31,55.3,High
3,Marathahalli,2025,7,2025-07-01,81.4,30.2,16.74,1034.0,15411,33,62.6,High
3,Marathahalli,2025,8,2025-08-01,82.8,27.9,16.5,1058.0,16436,24,54.9,Medium
3,Marathahalli,2025,9,2025-09-01,163.3,25.0,16.31,1025.0,17376,31,60.8,High
3,Marathahalli,2025,10,2025-10-01,139.6,22.3,16.12,1003.0,17061,30,57.5,High
3,Marathahalli,2025,11,2025-11-01,45.5,19.8,16.15,978.0,16675,33,54.6,Medium
3,Marathahalli,2025,12,2025-12-01,9.5,18.6,16.16,983.0,15943,27,52.3,Medium
3,Marathahalli,2026,1,2026-01-01,2.6,19.3,16.24,1027.0,15528,28,60.3,High
3,Marathahalli,2026,2,2026-02-01,5.8,21.5,16.28,1048.0,16568,32,65.6,High
3,Marathahalli,2026,3,2026-03-01,12.5,24.8,16.42,1602.0,16907,49,92.4,Critical
3,Marathahalli,2026,4,2026-04-01,32.9,28.5,16.61,1635.0,15841,41,84.2,Critical
3,Marathahalli,2026,5,2026-05-01,67.5,29.9,16.81,1623.0,15730,44,86.1,Critical
3,Marathahalli,2026,6,2026-06-01,75.2,30.1,16.86,1028.0,15454,31,52.0,Medium
4,KR Puram,2024,7,2024-07-01,63.8,29.9,15.75,976.0,16322,26,59.6,High
4,KR Puram,2024,8,2024-08-01,113.4,27.5,15.49,939.0,15879,34,47.7,Medium
4,KR Puram,2024,9,2024-09-01,155.3,25.5,15.29,1008.0,16699,24,39.3,Medium
4,KR Puram,2024,10,2024-10-01,106.9,21.2,15.08,984.0,15236,30,59.8,High
4,KR Puram,2024,11,2024-11-01,37.0,20.0,15.16,941.0,16439,34,50.7,Medium
4,KR Puram,2024,12,2024-12-01,7.6,18.6,15.23,1027.0,15593,30,52.0,Medium
4,KR Puram,2025,1,2025-01-01,3.3,20.0,15.25,1008.0,16501,29,43.7,Medium
4,KR Puram,2025,2,2025-02-01,7.3,22.5,15.28,975.0,15541,28,42.2,Medium
4,KR Puram,2025,3,2025-03-01,13.2,25.6,15.43,1623.0,16071,47,83.2,Critical
4,KR Puram,2025,4,2025-04-01,33.9,28.4,15.65,1563.0,16416,43,80.5,Critical
4,KR Puram,2025,5,2025-05-01,82.8,30.6,15.81,1628.0,16461,37,85.2,Critical
4,KR Puram,2025,6,2025-06-01,66.1,30.9,15.88,985.0,14857,32,53.1,Medium
4,KR Puram,2025,7,2025-07-01,68.6,30.8,15.91,1036.0,16202,25,47.5,Medium
4,KR Puram,2025,8,2025-08-01,117.9,27.1,15.72,992.0,16316,30,50.7,Medium
4,KR Puram,2025,9,2025-09-01,146.3,25.6,15.46,959.0,16184,25,49.8,Medium
4,KR Puram,2025,10,2025-10-01,122.3,22.0,15.24,1005.0,15462,30,49.2,Medium
4,KR Puram,2025,11,2025-11-01,38.4,19.0,15.26,943.0,15872,31,49.3,Medium
4,KR Puram,2025,12,2025-12-01,8.2,18.9,15.33,1031.0,15849,25,47.1,Medium
4,KR Puram,2026,1,2026-01-01,2.7,19.2,15.35,935.0,15868,25,58.4,High
4,KR Puram,2026,2,2026-02-01,6.3,22.4,15.37,1021.0,15782,32,55.4,High
4,KR Puram,2026,3,2026-03-01,11.4,24.9,15.52,1536.0,16682,42,83.6,Critical
4,KR Puram,2026,4,2026-04-01,33.4,27.1,15.71,1544.0,15098,43,77.6,Critical
4,KR Puram,2026,5,2026-05-01,101.3,29.4,15.92,1608.0,16381,39,74.0,High
4,KR Puram,2026,6,2026-06-01,72.0,30.9,16.01,1049.0,15411,29,57.8,High
5,Bellandur,2024,7,2024-07-01,87.2,29.7,17.51,1054.0,16314,27,47.9,Medium
5,Bellandur,2024,8,2024-08-01,76.5,28.0,17.31,1012.0,16463,34,71.8,High
5,Bellandur,2024,9,2024-09-01,137.5,25.5,17.14,1057.0,17250,34,71.2,High
5,Bellandur,2024,10,2024-10-01,114.4,22.2,16.94,1064.0,17653,26,53.4,Medium
5,Bellandur,2024,11,2024-11-01,37.4,20.4,17.0,1004.0,16249,34,67.1,High
5,Bellandur,2024,12,2024-12-01,10.4,19.1,17.06,985.0,16080,31,51.2,Medium
5,Bellandur,2025,1,2025-01-01,2.7,19.1,17.16,1063.0,17150,37,76.9,Critical
5,Bellandur,2025,2,2025-02-01,6.3,21.7,17.17,1055.0,16941,33,67.7,High
5,Bellandur,2025,3,2025-03-01,9.6,25.3,17.38,1654.0,16182,45,91.5,Critical
5,Bellandur,2025,4,2025-04-01,35.5,28.8,17.55,1681.0,16576,52,99.7,Critical
5,Bellandur,2025,5,2025-05-01,82.8,30.2,17.71,1651.0,17940,45,91.0,Critical
5,Bellandur,2025,6,2025-06-01,84.0,31.4,17.78,1036.0,16375,30,60.6,High
5,Bellandur,2025,7,2025-07-01,77.5,30.8,17.8,1050.0,17855,31,65.1,High
5,Bellandur,2025,8,2025-08-01,81.1,29.1,17.6,1014.0,16317,32,67.6,High
5,Bellandur,2025,9,2025-09-01,116.9,26.1,17.43,1032.0,16235,36,69.9,High
5,Bellandur,2025,10,2025-10-01,128.4,22.1,17.2,1063.0,17960,28,58.3,High
5,Bellandur,2025,11,2025-11-01,38.6,20.8,17.25,1069.0,17728,29,67.0,High
5,Bellandur,2025,12,2025-12-01,8.5,20.0,17.31,1065.0,16566,29,63.4,High
5,Bellandur,2026,1,2026-01-01,3.5,19.9,17.34,1037.0,16690,32,57.2,High
5,Bellandur,2026,2,2026-02-01,5.8,21.8,17.36,1054.0,17144,28,65.1,High
5,Bellandur,2026,3,2026-03-01,9.0,25.6,17.57,1694.0,16772,49,100,Critical
5,Bellandur,2026,4,2026-04-01,39.7,28.1,17.71,1669.0,17180,51,96.4,Critical
5,Bellandur,2026,5,2026-05-01,79.2,30.4,17.89,1698.0,16820,49,91.3,Critical
5,Bellandur,2026,6,2026-06-01,69.2,32.1,17.94,1068.0,17300,36,73.7,High
6,HSR Layout,2024,7,2024-07-01,73.3,29.8,16.71,1044.0,16665,22,47.1,Medium
6,HSR Layout,2024,8,2024-08-01,105.1,28.8,16.55,1038.0,15788,23,53.3,Medium
6,HSR Layout,2024,9,2024-09-01,167.3,24.9,16.35,1049.0,15012,32,51.0,Medium
6,HSR Layout,2024,10,2024-10-01,117.0,21.3,16.13,1010.0,16505,24,46.0,Medium
6,HSR Layout,2024,11,2024-11-01,48.4,20.0,16.16,1045.0,15206,27,46.3,Medium
6,HSR Layout,2024,12,2024-12-01,8.3,18.0,16.25,1046.0,16275,23,54.0,Medium
6,HSR Layout,2025,1,2025-01-01,2.9,20.0,16.31,1000.0,15420,32,54.0,Medium
6,HSR Layout,2025,2,2025-02-01,5.9,22.0,16.34,1016.0,16070,34,57.0,High
6,HSR Layout,2025,3,2025-03-01,13.7,25.3,16.5,1627.0,16292,46,73.9,High
6,HSR Layout,2025,4,2025-04-01,36.0,28.0,16.72,1608.0,16518,44,81.7,Critical
6,HSR Layout,2025,5,2025-05-01,89.1,30.4,16.92,1659.0,16238,47,90.0,Critical
6,HSR Layout,2025,6,2025-06-01,84.6,31.3,16.96,1018.0,16079,31,47.5,Medium
6,HSR Layout,2025,7,2025-07-01,70.8,30.7,16.98,988.0,15999,34,62.8,High
6,HSR Layout,2025,8,2025-08-01,116.1,28.7,16.74,1051.0,15884,32,58.9,High
6,HSR Layout,2025,9,2025-09-01,136.9,24.2,16.57,978.0,16853,33,63.2,High
6,HSR Layout,2025,10,2025-10-01,146.1,22.9,16.38,996.0,16501,22,45.2,Medium
6,HSR Layout,2025,11,2025-11-01,41.5,20.1,16.45,1020.0,16565,34,53.7,Medium
6,HSR Layout,2025,12,2025-12-01,8.3,18.0,16.54,1020.0,16751,24,48.9,Medium
6,HSR Layout,2026,1,2026-01-01,3.5,20.6,16.57,1005.0,15200,34,52.4,Medium
6,HSR Layout,2026,2,2026-02-01,6.1,21.2,16.67,980.0,15827,30,60.0,High
6,HSR Layout,2026,3,2026-03-01,13.5,24.8,16.87,1600.0,15750,38,76.0,Critical
6,HSR Layout,2026,4,2026-04-01,33.4,28.9,17.01,1627.0,15807,49,96.9,Critical
6,HSR Layout,2026,5,2026-05-01,71.4,30.6,17.2,1696.0,15637,42,87.7,Critical
6,HSR Layout,2026,6,2026-06-01,62.3,31.7,17.25,1047.0,16203,29,55.8,High
7,Koramangala,2024,7,2024-07-01,73.1,29.3,15.23,938.0,15130,20,40.7,Medium
7,Koramangala,2024,8,2024-08-01,119.4,27.5,14.97,1014.0,13606,28,39.4,Medium
7,Koramangala,2024,9,2024-09-01,132.3,24.3,14.71,984.0,13652,17,49.1,Medium
7,Koramangala,2024,10,2024-10-01,116.6,21.5,14.46,917.0,15083,24,49.1,Medium
7,Koramangala,2024,11,2024-11-01,44.0,20.2,14.51,924.0,14608,29,38.9,Medium
7,Koramangala,2024,12,2024-12-01,10.7,19.6,14.56,960.0,15528,18,36.0,Medium
7,Koramangala,2025,1,2025-01-01,3.1,20.0,14.6,1006.0,13747,18,44.1,Medium
7,Koramangala,2025,2,2025-02-01,5.4,21.4,14.67,971.0,14250,30,54.1,Medium
7,Koramangala,2025,3,2025-03-01,11.9,25.0,14.8,1572.0,15306,40,79.3,Critical
7,Koramangala,2025,4,2025-04-01,39.3,27.3,14.98,1532.0,14278,38,68.4,High
7,Koramangala,2025,5,2025-05-01,75.5,29.9,15.17,1554.0,13905,44,75.5,Critical
7,Koramangala,2025,6,2025-06-01,86.2,30.0,15.18,1003.0,15224,24,44.4,Medium
7,Koramangala,2025,7,2025-07-01,82.6,29.7,15.19,965.0,14931,27,52.9,Medium
7,Koramangala,2025,8,2025-08-01,113.6,28.8,14.97,960.0,14756,20,42.1,Medium
7,Koramangala,2025,9,2025-09-01,137.7,24.0,14.79,956.0,15125,24,52.4,Medium
7,Koramangala,2025,10,2025-10-01,145.8,22.8,14.6,976.0,14885,17,42.4,Medium
7,Koramangala,2025,11,2025-11-01,49.8,19.2,14.61,986.0,14218,21,30.9,Medium
7,Koramangala,2025,12,2025-12-01,11.0,19.0,14.65,930.0,14866,17,37.9,Medium
7,Koramangala,2026,1,2026-01-01,2.9,19.5,14.68,954.0,15043,27,50.4,Medium
7,Koramangala,2026,2,2026-02-01,5.5,20.9,14.69,979.0,14948,21,50.1,Medium
7,Koramangala,2026,3,2026-03-01,12.0,24.7,14.85,1579.0,13828,38,70.1,High
7,Koramangala,2026,4,2026-04-01,38.7,27.8,15.04,1516.0,14391,40,63.4,High
7,Koramangala,2026,5,2026-05-01,82.3,29.4,15.18,1543.0,14256,32,75.4,Critical
7,Koramangala,2026,6,2026-06-01,67.5,30.6,15.25,981.0,15267,27,45.4,Medium
8,BTM Layout,2024,7,2024-07-01,65.3,29.1,16.02,1037.0,15352,26,61.0,High
8,BTM Layout,2024,8,2024-08-01,99.5,27.1,15.75,976.0,15803,27,56.7,High
8,BTM Layout,2024,9,2024-09-01,174.0,24.1,15.56,963.0,15378,26,42.2,Medium
8,BTM Layout,2024,10,2024-10-01,117.3,21.6,15.33,950.0,15221,20,45.9,Medium
8,BTM Layout,2024,11,2024-11-01,50.1,19.4,15.4,1017.0,15830,22,36.8,Medium
8,BTM Layout,2024,12,2024-12-01,8.4,19.1,15.47,1002.0,14554,29,55.2,High
8,BTM Layout,2025,1,2025-01-01,3.5,20.2,15.52,1030.0,15329,27,50.4,Medium
8,BTM Layout,2025,2,2025-02-01,7.2,22.2,15.53,945.0,15084,23,38.2,Medium
8,BTM Layout,2025,3,2025-03-01,9.9,24.9,15.7,1583.0,14314,45,79.8,Critical
8,BTM Layout,2025,4,2025-04-01,40.5,28.6,15.89,1596.0,15125,41,80.1,Critical
8,BTM Layout,2025,5,2025-05-01,100.0,30.0,16.1,1619.0,14843,40,70.1,High
8,BTM Layout,2025,6,2025-06-01,62.6,30.1,16.19,989.0,15629,26,51.2,Medium
8,BTM Layout,2025,7,2025-07-01,71.4,30.0,16.23,1008.0,14517,24,50.2,Medium
8,BTM Layout,2025,8,2025-08-01,99.1,27.6,16.02,1029.0,15495,20,42.6,Medium
8,BTM Layout,2025,9,2025-09-01,160.3,24.5,15.82,1011.0,16013,30,49.0,Medium
8,BTM Layout,2025,10,2025-10-01,130.4,21.2,15.59,1036.0,15597,24,50.3,Medium
8,BTM Layout,2025,11,2025-11-01,50.7,19.3,15.63,1020.0,15826,28,52.3,Medium
8,BTM Layout,2025,12,2025-12-01,10.3,19.3,15.68,1007.0,15047,24,44.1,Medium
8,BTM Layout,2026,1,2026-01-01,2.8,19.1,15.77,993.0,14653,21,43.8,Medium
8,BTM Layout,2026,2,2026-02-01,7.1,21.1,15.85,1030.0,15967,19,40.2,Medium
8,BTM Layout,2026,3,2026-03-01,13.0,24.2,16.02,1567.0,15863,44,83.0,Critical
8,BTM Layout,2026,4,2026-04-01,31.0,27.8,16.19,1625.0,14675,40,81.2,Critical
8,BTM Layout,2026,5,2026-05-01,95.1,30.0,16.37,1596.0,15817,40,82.8,Critical
8,BTM Layout,2026,6,2026-06-01,71.3,31.8,16.47,1008.0,14764,24,53.4,Medium
9,JP Nagar,2024,7,2024-07-01,91.3,30.6,15.18,955.0,14522,27,44.2,Medium
9,JP Nagar,2024,8,2024-08-01,90.8,28.5,14.99,953.0,14766,19,52.0,Medium
9,JP Nagar,2024,9,2024-09-01,135.3,24.7,14.81,943.0,14142,20,37.3,Medium
9,JP Nagar,2024,10,2024-10-01,109.4,21.8,14.56,1014.0,13990,16,51.6,Medium
9,JP Nagar,2024,11,2024-11-01,50.6,19.9,14.64,930.0,13814,27,43.9,Medium
9,JP Nagar,2024,12,2024-12-01,8.5,19.2,14.68,918.0,13398,19,48.5,Medium
9,JP Nagar,2025,1,2025-01-01,3.3,20.0,14.73,929.0,13816,20,32.3,Medium
9,JP Nagar,2025,2,2025-02-01,6.4,22.4,14.77,930.0,15050,24,36.2,Medium
9,JP Nagar,2025,3,2025-03-01,12.3,24.3,14.91,1549.0,14470,34,68.0,High
9,JP Nagar,2025,4,2025-04-01,39.0,27.0,15.13,1522.0,14292,37,77.3,Critical
9,JP Nagar,2025,5,2025-05-01,91.8,29.8,15.31,1586.0,15202,34,63.4,High
9,JP Nagar,2025,6,2025-06-01,85.9,30.5,15.38,997.0,14783,25,41.5,Medium
9,JP Nagar,2025,7,2025-07-01,68.1,30.1,15.45,954.0,14798,22,52.8,Medium
9,JP Nagar,2025,8,2025-08-01,111.5,28.4,15.19,1007.0,14155,20,35.0,Medium
9,JP Nagar,2025,9,2025-09-01,138.3,23.9,15.01,977.0,15218,23,44.0,Medium
9,JP Nagar,2025,10,2025-10-01,143.0,21.2,14.77,997.0,14972,20,33.4,Medium
9,JP Nagar,2025,11,2025-11-01,42.8,20.4,14.84,1010.0,14013,28,49.9,Medium
9,JP Nagar,2025,12,2025-12-01,9.8,19.6,14.89,1002.0,14694,17,42.4,Medium
9,JP Nagar,2026,1,2026-01-01,3.7,19.7,14.91,931.0,14562,20,38.6,Medium
9,JP Nagar,2026,2,2026-02-01,6.4,22.2,14.94,928.0,14980,20,49.5,Medium
9,JP Nagar,2026,3,2026-03-01,11.3,25.7,15.17,1524.0,14515,36,78.3,Critical
9,JP Nagar,2026,4,2026-04-01,39.2,28.7,15.31,1583.0,14803,31,60.6,High
9,JP Nagar,2026,5,2026-05-01,99.2,29.7,15.47,1586.0,14450,40,80.3,Critical
9,JP Nagar,2026,6,2026-06-01,74.1,31.3,15.52,991.0,14036,24,44.5,Medium
10,Jayanagar,2024,7,2024-07-01,91.3,29.9,12.66,923.0,12924,16,26.7,Low
10,Jayanagar,2024,8,2024-08-01,128.9,27.2,12.47,911.0,12645,24,28.4,Low
10,Jayanagar,2024,9,2024-09-01,182.8,24.6,12.2,923.0,14091,17,22.6,Low
10,Jayanagar,2024,10,2024-10-01,113.9,21.8,12.02,936.0,13824,25,42.3,Medium
10,Jayanagar,2024,11,2024-11-01,51.2,19.5,12.02,871.0,12678,23,20.7,Low
10,Jayanagar,2024,12,2024-12-01,10.3,18.4,12.09,907.0,13624,14,23.1,Low
10,Jayanagar,2025,1,2025-01-01,4.0,19.9,12.14,930.0,14047,14,29.4,Low
10,Jayanagar,2025,2,2025-02-01,7.1,21.6,12.2,889.0,14156,23,33.4,Medium
10,Jayanagar,2025,3,2025-03-01,11.2,25.6,12.36,1496.0,12511,30,55.0,High
10,Jayanagar,2025,4,2025-04-01,33.4,27.3,12.56,1447.0,14282,40,72.2,High
10,Jayanagar,2025,5,2025-05-01,84.4,30.1,12.74,1432.0,13006,35,62.3,High
10,Jayanagar,2025,6,2025-06-01,70.6,31.6,12.74,934.0,13841,21,43.7,Medium
10,Jayanagar,2025,7,2025-07-01,86.2,30.5,12.74,873.0,13683,20,33.4,Medium
10,Jayanagar,2025,8,2025-08-01,119.9,27.5,12.52,913.0,13654,17,34.5,Medium
10,Jayanagar,2025,9,2025-09-01,159.1,25.3,12.32,888.0,12546,14,26.1,Low
10,Jayanagar,2025,10,2025-10-01,134.0,21.1,12.1,884.0,13837,23,38.3,Medium
10,Jayanagar,2025,11,2025-11-01,54.2,18.7,12.13,909.0,13038,19,21.2,Low
10,Jayanagar,2025,12,2025-12-01,9.2,17.9,12.15,892.0,13631,16,36.7,Medium
10,Jayanagar,2026,1,2026-01-01,3.0,19.1,12.2,886.0,13926,19,34.1,Medium
10,Jayanagar,2026,2,2026-02-01,6.7,21.3,12.2,949.0,13411,26,32.1,Medium
10,Jayanagar,2026,3,2026-03-01,12.0,23.8,12.37,1493.0,13709,34,61.9,High
10,Jayanagar,2026,4,2026-04-01,42.6,27.5,12.58,1486.0,13928,33,53.6,Medium
10,Jayanagar,2026,5,2026-05-01,95.0,29.3,12.76,1428.0,13409,38,57.1,High
10,Jayanagar,2026,6,2026-06-01,94.0,31.0,12.76,967.0,13188,23,28.5,Low
11,Banashankari,2024,7,2024-07-01,90.8,29.3,14.68,967.0,12851,16,32.2,Medium
11,Banashankari,2024,8,2024-08-01,107.1,27.6,14.47,963.0,13416,22,36.2,Medium
11,Banashankari,2024,9,2024-09-01,186.0,25.2,14.22,939.0,14417,21,36.8,Medium
11,Banashankari,2024,10,2024-10-01,123.5,22.4,13.98,967.0,14720,22,47.1,Medium
11,Banashankari,2024,11,2024-11-01,49.5,19.9,13.98,947.0,14694,24,42.5,Medium
11,Banashankari,2024,12,2024-12-01,10.3,19.2,14.03,918.0,14018,22,43.2,Medium
11,Banashankari,2025,1,2025-01-01,2.9,19.9,14.03,996.0,12980,14,36.6,Medium
11,Banashankari,2025,2,2025-02-01,5.8,22.1,14.06,979.0,14601,26,51.2,Medium
11,Banashankari,2025,3,2025-03-01,10.5,24.0,14.21,1511.0,14084,36,69.3,High
11,Banashankari,2025,4,2025-04-01,33.0,28.5,14.37,1520.0,14304,39,76.0,Critical
11,Banashankari,2025,5,2025-05-01,97.9,30.1,14.51,1515.0,13876,32,70.7,High
11,Banashankari,2025,6,2025-06-01,73.3,30.3,14.52,984.0,13394,19,49.3,Medium
11,Banashankari,2025,7,2025-07-01,92.1,29.5,14.53,981.0,13519,27,47.1,Medium
11,Banashankari,2025,8,2025-08-01,125.9,28.3,14.28,936.0,14188,19,31.6,Medium
11,Banashankari,2025,9,2025-09-01,144.2,24.7,14.03,955.0,14626,23,37.5,Medium
11,Banashankari,2025,10,2025-10-01,138.7,21.9,13.78,961.0,13822,22,30.7,Medium
11,Banashankari,2025,11,2025-11-01,44.3,20.0,13.78,972.0,12770,21,46.8,Medium
11,Banashankari,2025,12,2025-12-01,9.6,19.6,13.86,944.0,13159,27,40.6,Medium
11,Banashankari,2026,1,2026-01-01,3.5,20.3,13.86,954.0,13830,24,45.9,Medium
11,Banashankari,2026,2,2026-02-01,7.6,21.1,13.95,916.0,14599,27,35.3,Medium
11,Banashankari,2026,3,2026-03-01,12.5,25.6,14.17,1569.0,14513,29,65.2,High
11,Banashankari,2026,4,2026-04-01,32.1,28.7,14.32,1582.0,13847,36,81.3,Critical
11,Banashankari,2026,5,2026-05-01,103.1,29.9,14.46,1500.0,13085,35,58.9,High
11,Banashankari,2026,6,2026-06-01,70.1,31.2,14.54,970.0,14275,16,46.9,Medium
12,Basavanagudi,2024,7,2024-07-01,95.1,29.9,13.83,963.0,12410,14,26.5,Low
12,Basavanagudi,2024,8,2024-08-01,101.1,27.2,13.58,965.0,13948,16,40.3,Medium
12,Basavanagudi,2024,9,2024-09-01,134.2,24.9,13.37,890.0,12276,16,35.1,Medium
12,Basavanagudi,2024,10,2024-10-01,136.6,22.4,13.16,910.0,12275,24,33.1,Medium
12,Basavanagudi,2024,11,2024-11-01,48.8,18.9,13.16,894.0,13535,20,30.5,Medium
12,Basavanagudi,2024,12,2024-12-01,10.4,18.6,13.21,947.0,12477,15,35.0,Medium
12,Basavanagudi,2025,1,2025-01-01,3.9,18.6,13.24,951.0,12196,19,23.2,Low
12,Basavanagudi,2025,2,2025-02-01,6.9,21.6,13.29,897.0,12696,19,26.3,Low
12,Basavanagudi,2025,3,2025-03-01,11.5,24.8,13.42,1498.0,13657,33,65.3,High
12,Basavanagudi,2025,4,2025-04-01,37.8,26.7,13.59,1534.0,13487,32,68.1,High
12,Basavanagudi,2025,5,2025-05-01,101.9,30.0,13.72,1493.0,12168,40,71.2,High
12,Basavanagudi,2025,6,2025-06-01,68.8,31.5,13.71,934.0,13578,22,50.0,Medium
12,Basavanagudi,2025,7,2025-07-01,89.7,29.7,13.8,933.0,13779,24,35.3,Medium
12,Basavanagudi,2025,8,2025-08-01,118.0,28.0,13.58,955.0,12736,14,30.6,Medium
12,Basavanagudi,2025,9,2025-09-01,163.7,25.1,13.32,883.0,12085,16,33.0,Medium
12,Basavanagudi,2025,10,2025-10-01,138.6,21.7,13.12,903.0,12732,15,36.4,Medium
12,Basavanagudi,2025,11,2025-11-01,50.6,18.7,13.19,922.0,13572,23,25.9,Low
12,Basavanagudi,2025,12,2025-12-01,9.2,17.8,13.19,939.0,13447,12,36.4,Medium
12,Basavanagudi,2026,1,2026-01-01,3.3,18.9,13.2,966.0,12153,18,31.9,Medium
12,Basavanagudi,2026,2,2026-02-01,7.6,22.1,13.22,940.0,13385,16,25.2,Low
12,Basavanagudi,2026,3,2026-03-01,11.2,25.0,13.37,1475.0,12162,39,75.1,Critical
12,Basavanagudi,2026,4,2026-04-01,43.9,27.9,13.53,1501.0,13985,39,64.1,High
12,Basavanagudi,2026,5,2026-05-01,103.3,29.5,13.69,1473.0,12793,37,60.6,High
12,Basavanagudi,2026,6,2026-06-01,91.0,30.2,13.75,974.0,13869,19,40.1,Medium
13,Electronic City,2024,7,2024-07-01,61.7,29.9,17.5,1052.0,18204,37,64.8,High
13,Electronic City,2024,8,2024-08-01,103.3,27.6,17.27,1049.0,17566,38,59.4,High
13,Electronic City,2024,9,2024-09-01,153.0,25.6,17.06,1025.0,18099,31,65.1,High
13,Electronic City,2024,10,2024-10-01,93.1,23.0,16.9,984.0,18359,32,61.3,High
13,Electronic City,2024,11,2024-11-01,41.7,19.4,17.0,1030.0,17911,31,60.2,High
13,Electronic City,2024,12,2024-12-01,8.2,18.7,17.06,1026.0,16557,39,67.5,High
13,Electronic City,2025,1,2025-01-01,3.3,20.8,17.11,1019.0,17485,29,49.8,Medium
13,Electronic City,2025,2,2025-02-01,5.2,23.0,17.17,1021.0,16665,30,61.2,High
13,Electronic City,2025,3,2025-03-01,12.4,25.2,17.38,1674.0,16875,52,99.9,Critical
13,Electronic City,2025,4,2025-04-01,34.6,28.2,17.53,1691.0,16699,51,94.8,Critical
13,Electronic City,2025,5,2025-05-01,93.7,30.5,17.74,1625.0,16428,52,98.1,Critical
13,Electronic City,2025,6,2025-06-01,73.9,31.7,17.79,1079.0,16823,35,57.6,High
13,Electronic City,2025,7,2025-07-01,72.9,30.1,17.86,1063.0,17593,32,64.7,High
13,Electronic City,2025,8,2025-08-01,75.3,28.3,17.6,1043.0,16909,39,66.5,High
13,Electronic City,2025,9,2025-09-01,156.0,25.5,17.42,1076.0,16574,27,51.4,Medium
13,Electronic City,2025,10,2025-10-01,101.5,22.2,17.24,1008.0,17154,31,62.9,High
13,Electronic City,2025,11,2025-11-01,41.1,21.0,17.27,1050.0,18056,35,70.0,High
13,Electronic City,2025,12,2025-12-01,9.7,18.4,17.32,1038.0,16472,26,50.3,Medium
13,Electronic City,2026,1,2026-01-01,2.9,19.8,17.4,1042.0,18076,27,60.1,High
13,Electronic City,2026,2,2026-02-01,4.7,21.6,17.5,1076.0,17311,27,59.4,High
13,Electronic City,2026,3,2026-03-01,12.8,26.0,17.7,1621.0,18218,45,93.2,Critical
13,Electronic City,2026,4,2026-04-01,33.9,28.7,17.91,1666.0,16514,43,86.2,Critical
13,Electronic City,2026,5,2026-05-01,91.0,30.1,18.13,1669.0,17871,43,96.1,Critical
13,Electronic City,2026,6,2026-06-01,75.5,31.2,18.24,1011.0,17234,37,62.8,High
14,Bommanahalli,2024,7,2024-07-01,91.6,29.9,16.18,957.0,15107,33,50.1,Medium
14,Bommanahalli,2024,8,2024-08-01,95.7,28.8,15.95,1017.0,15881,21,52.1,Medium
14,Bommanahalli,2024,9,2024-09-01,165.1,25.4,15.69,958.0,15983,28,51.1,Medium
14,Bommanahalli,2024,10,2024-10-01,115.9,21.2,15.42,966.0,15280,24,43.7,Medium
14,Bommanahalli,2024,11,2024-11-01,37.7,19.6,15.48,978.0,14613,25,45.8,Medium
14,Bommanahalli,2024,12,2024-12-01,9.7,18.6,15.52,967.0,15336,21,51.0,Medium
14,Bommanahalli,2025,1,2025-01-01,3.6,20.7,15.58,956.0,15321,22,38.4,Medium
14,Bommanahalli,2025,2,2025-02-01,6.2,21.1,15.62,983.0,15528,21,42.6,Medium
14,Bommanahalli,2025,3,2025-03-01,10.6,25.2,15.81,1562.0,14774,39,87.5,Critical
14,Bommanahalli,2025,4,2025-04-01,32.8,28.2,16.03,1584.0,15229,46,91.2,Critical
14,Bommanahalli,2025,5,2025-05-01,101.4,29.4,16.19,1652.0,14962,39,83.2,Critical
14,Bommanahalli,2025,6,2025-06-01,87.4,30.5,16.26,1006.0,15712,23,43.0,Medium
14,Bommanahalli,2025,7,2025-07-01,87.4,29.9,16.27,1013.0,15744,27,52.7,Medium
14,Bommanahalli,2025,8,2025-08-01,103.3,28.9,16.05,1022.0,15437,24,53.5,Medium
14,Bommanahalli,2025,9,2025-09-01,166.3,25.5,15.82,996.0,15827,23,47.7,Medium
14,Bommanahalli,2025,10,2025-10-01,135.1,22.5,15.56,1038.0,15518,25,48.4,Medium
14,Bommanahalli,2025,11,2025-11-01,49.8,20.1,15.62,1020.0,15279,32,50.9,Medium
14,Bommanahalli,2025,12,2025-12-01,9.9,18.1,15.7,1008.0,15270,29,44.1,Medium
14,Bommanahalli,2026,1,2026-01-01,3.7,20.1,15.74,1019.0,16491,26,38.0,Medium
14,Bommanahalli,2026,2,2026-02-01,5.7,22.0,15.79,1003.0,15710,26,52.1,Medium
14,Bommanahalli,2026,3,2026-03-01,12.9,25.1,15.97,1583.0,14609,37,72.6,High
14,Bommanahalli,2026,4,2026-04-01,41.3,27.2,16.2,1572.0,15184,41,70.2,High
14,Bommanahalli,2026,5,2026-05-01,85.2,30.1,16.37,1635.0,15198,39,86.4,Critical
14,Bommanahalli,2026,6,2026-06-01,63.1,31.6,16.44,1029.0,14889,33,58.9,High
15,Hebbal,2024,7,2024-07-01,72.3,30.1,13.44,909.0,13810,17,39.7,Medium
15,Hebbal,2024,8,2024-08-01,104.6,26.8,13.23,900.0,14184,20,38.7,Medium
15,Hebbal,2024,9,2024-09-01,140.0,25.3,13.03,882.0,13204,26,36.1,Medium
15,Hebbal,2024,10,2024-10-01,123.6,21.7,12.78,956.0,14055,23,40.8,Medium
15,Hebbal,2024,11,2024-11-01,47.2,19.7,12.81,955.0,14235,26,41.3,Medium
15,Hebbal,2024,12,2024-12-01,9.2,19.0,12.82,884.0,13236,19,29.6,Low
15,Hebbal,2025,1,2025-01-01,3.5,19.6,12.85,885.0,13767,17,31.0,Medium
15,Hebbal,2025,2,2025-02-01,7.1,22.0,12.95,929.0,13979,17,27.5,Low
15,Hebbal,2025,3,2025-03-01,12.2,23.9,13.11,1435.0,13273,41,73.4,High
15,Hebbal,2025,4,2025-04-01,37.2,27.7,13.3,1484.0,14680,36,57.3,High
15,Hebbal,2025,5,2025-05-01,75.3,30.5,13.46,1476.0,14075,32,66.2,High
15,Hebbal,2025,6,2025-06-01,85.3,31.3,13.51,899.0,13228,25,41.2,Medium
15,Hebbal,2025,7,2025-07-01,78.5,30.6,13.51,960.0,14093,28,38.0,Medium
15,Hebbal,2025,8,2025-08-01,120.1,28.3,13.26,981.0,13899,20,38.5,Medium
15,Hebbal,2025,9,2025-09-01,153.3,25.7,13.06,900.0,14621,23,34.6,Medium
15,Hebbal,2025,10,2025-10-01,142.1,22.0,12.81,884.0,13413,18,22.1,Low
15,Hebbal,2025,11,2025-11-01,42.9,19.1,12.85,904.0,14408,19,31.0,Medium
15,Hebbal,2025,12,2025-12-01,11.2,19.7,12.92,882.0,14926,25,39.2,Medium
15,Hebbal,2026,1,2026-01-01,3.9,20.3,12.92,960.0,13499,24,37.9,Medium
15,Hebbal,2026,2,2026-02-01,7.2,22.1,12.97,932.0,13537,20,31.1,Medium
15,Hebbal,2026,3,2026-03-01,13.0,25.5,13.1,1486.0,13556,42,64.0,High
15,Hebbal,2026,4,2026-04-01,43.2,27.4,13.23,1517.0,14465,40,61.7,High
15,Hebbal,2026,5,2026-05-01,96.2,29.7,13.36,1498.0,13436,36,58.1,High
15,Hebbal,2026,6,2026-06-01,71.8,31.4,13.39,942.0,14132,21,37.3,Medium
16,Yelahanka,2024,7,2024-07-01,66.2,29.3,15.4,981.0,14208,29,55.0,High
16,Yelahanka,2024,8,2024-08-01,84.1,28.8,15.15,998.0,14224,27,49.4,Medium
16,Yelahanka,2024,9,2024-09-01,176.1,24.4,14.95,949.0,14704,30,38.7,Medium
16,Yelahanka,2024,10,2024-10-01,122.5,21.5,14.75,942.0,15271,27,39.4,Medium
16,Yelahanka,2024,11,2024-11-01,43.5,18.9,14.77,987.0,13979,27,53.0,Medium
16,Yelahanka,2024,12,2024-12-01,11.3,18.7,14.78,927.0,14726,28,34.5,Medium
16,Yelahanka,2025,1,2025-01-01,3.0,20.4,14.79,997.0,15466,20,53.3,Medium
16,Yelahanka,2025,2,2025-02-01,5.5,21.9,14.79,985.0,14840,28,54.6,Medium
16,Yelahanka,2025,3,2025-03-01,10.4,24.7,14.99,1596.0,14133,35,80.8,Critical
16,Yelahanka,2025,4,2025-04-01,37.1,27.6,15.21,1550.0,14240,37,65.6,High
16,Yelahanka,2025,5,2025-05-01,89.4,30.3,15.4,1604.0,15341,44,82.2,Critical
16,Yelahanka,2025,6,2025-06-01,70.1,30.9,15.45,1011.0,14551,19,53.5,Medium
16,Yelahanka,2025,7,2025-07-01,93.3,30.1,15.46,987.0,15148,25,50.6,Medium
16,Yelahanka,2025,8,2025-08-01,122.6,28.7,15.21,1016.0,15097,23,44.3,Medium
16,Yelahanka,2025,9,2025-09-01,166.4,25.8,15.01,927.0,14095,22,32.6,Medium
16,Yelahanka,2025,10,2025-10-01,106.4,22.4,14.79,983.0,14962,24,53.9,Medium
16,Yelahanka,2025,11,2025-11-01,36.9,19.7,14.85,949.0,14580,25,45.5,Medium
16,Yelahanka,2025,12,2025-12-01,10.7,18.9,14.89,986.0,15629,27,37.5,Medium
16,Yelahanka,2026,1,2026-01-01,3.4,20.1,14.97,930.0,14132,24,41.4,Medium
16,Yelahanka,2026,2,2026-02-01,6.6,21.5,15.05,1000.0,14199,27,50.8,Medium
16,Yelahanka,2026,3,2026-03-01,10.4,25.8,15.23,1597.0,15402,35,71.3,High
16,Yelahanka,2026,4,2026-04-01,39.7,27.4,15.45,1605.0,14019,44,73.6,High
16,Yelahanka,2026,5,2026-05-01,73.3,30.5,15.63,1543.0,14870,38,80.0,Critical
16,Yelahanka,2026,6,2026-06-01,77.6,30.6,15.66,952.0,15108,28,44.7,Medium
17,RT Nagar,2024,7,2024-07-01,69.9,30.6,13.68,939.0,13406,16,46.2,Medium
17,RT Nagar,2024,8,2024-08-01,122.6,27.8,13.49,961.0,13479,18,30.0,Medium
17,RT Nagar,2024,9,2024-09-01,171.3,24.2,13.22,918.0,13644,26,31.2,Medium
17,RT Nagar,2024,10,2024-10-01,148.3,22.7,13.04,883.0,13570,17,33.1,Medium
17,RT Nagar,2024,11,2024-11-01,43.1,19.6,13.03,896.0,13768,18,36.2,Medium
17,RT Nagar,2024,12,2024-12-01,9.9,18.9,13.08,954.0,13031,26,44.2,Medium
17,RT Nagar,2025,1,2025-01-01,3.0,18.5,13.11,901.0,13333,25,46.4,Medium
17,RT Nagar,2025,2,2025-02-01,7.8,20.7,13.17,964.0,14094,15,27.9,Low
17,RT Nagar,2025,3,2025-03-01,11.4,24.7,13.3,1542.0,14063,30,71.0,High
17,RT Nagar,2025,4,2025-04-01,43.0,27.7,13.49,1487.0,14589,30,49.0,Medium
17,RT Nagar,2025,5,2025-05-01,79.8,30.5,13.63,1512.0,13510,41,68.9,High
17,RT Nagar,2025,6,2025-06-01,72.6,30.3,13.7,963.0,14111,18,35.3,Medium
17,RT Nagar,2025,7,2025-07-01,70.8,29.3,13.77,953.0,12951,16,39.1,Medium
17,RT Nagar,2025,8,2025-08-01,105.0,27.8,13.59,911.0,13257,17,28.6,Low
17,RT Nagar,2025,9,2025-09-01,139.2,25.1,13.4,955.0,12721,25,41.1,Medium
17,RT Nagar,2025,10,2025-10-01,114.1,21.2,13.16,930.0,13994,17,45.5,Medium
17,RT Nagar,2025,11,2025-11-01,38.2,19.3,13.19,955.0,13140,20,46.2,Medium
17,RT Nagar,2025,12,2025-12-01,8.7,17.7,13.27,980.0,12901,25,42.4,Medium
17,RT Nagar,2026,1,2026-01-01,3.5,19.8,13.32,909.0,14265,14,22.2,Low
17,RT Nagar,2026,2,2026-02-01,7.6,21.6,13.33,974.0,14299,18,23.5,Low
17,RT Nagar,2026,3,2026-03-01,12.4,24.0,13.51,1533.0,13430,29,64.3,High
17,RT Nagar,2026,4,2026-04-01,33.2,27.1,13.65,1484.0,14407,29,65.5,High
17,RT Nagar,2026,5,2026-05-01,83.5,29.5,13.82,1518.0,12762,32,60.5,High
17,RT Nagar,2026,6,2026-06-01,70.8,31.5,13.86,960.0,14244,24,52.0,Medium
18,Malleshwaram,2024,7,2024-07-01,83.5,29.8,12.8,961.0,12205,14,25.7,Low
18,Malleshwaram,2024,8,2024-08-01,107.0,27.0,12.61,943.0,11317,22,36.1,Medium
18,Malleshwaram,2024,9,2024-09-01,181.9,25.5,12.42,871.0,12514,12,25.9,Low
18,Malleshwaram,2024,10,2024-10-01,160.4,20.6,12.24,878.0,12893,19,21.4,Low
18,Malleshwaram,2024,11,2024-11-01,53.9,20.0,12.24,915.0,12812,18,31.6,Medium
18,Malleshwaram,2024,12,2024-12-01,8.8,18.9,12.33,915.0,12326,11,37.6,Medium
18,Malleshwaram,2025,1,2025-01-01,4.0,19.3,12.34,908.0,11381,12,15.9,Low
18,Malleshwaram,2025,2,2025-02-01,7.1,20.5,12.42,881.0,11461,18,34.8,Medium
18,Malleshwaram,2025,3,2025-03-01,14.7,24.2,12.54,1470.0,13034,34,59.5,High
18,Malleshwaram,2025,4,2025-04-01,44.4,28.4,12.7,1512.0,11991,25,46.2,Medium
18,Malleshwaram,2025,5,2025-05-01,84.5,29.0,12.91,1506.0,13121,32,57.8,High
18,Malleshwaram,2025,6,2025-06-01,96.7,30.9,12.99,953.0,11646,17,21.6,Low
18,Malleshwaram,2025,7,2025-07-01,82.0,30.1,12.99,948.0,13098,21,34.6,Medium
18,Malleshwaram,2025,8,2025-08-01,133.4,28.5,12.71,928.0,13042,22,24.2,Low
18,Malleshwaram,2025,9,2025-09-01,170.5,25.4,12.44,936.0,11676,22,26.8,Low
18,Malleshwaram,2025,10,2025-10-01,158.9,20.7,12.23,920.0,12973,15,18.7,Low
18,Malleshwaram,2025,11,2025-11-01,44.1,18.5,12.25,867.0,11203,14,31.3,Medium
18,Malleshwaram,2025,12,2025-12-01,12.2,19.3,12.28,895.0,12292,10,17.8,Low
18,Malleshwaram,2026,1,2026-01-01,3.9,19.6,12.34,875.0,11347,20,21.8,Low
18,Malleshwaram,2026,2,2026-02-01,6.6,22.4,12.33,875.0,11951,19,31.5,Medium
18,Malleshwaram,2026,3,2026-03-01,15.0,23.7,12.51,1472.0,12165,24,53.5,Medium
18,Malleshwaram,2026,4,2026-04-01,35.0,28.3,12.64,1426.0,11611,26,58.4,High
18,Malleshwaram,2026,5,2026-05-01,103.9,30.2,12.79,1450.0,11675,25,50.4,Medium
18,Malleshwaram,2026,6,2026-06-01,93.0,29.8,12.81,913.0,11789,18,28.1,Low
19,Rajajinagar,2024,7,2024-07-01,72.5,29.1,11.98,858.0,13248,14,27.9,Low
19,Rajajinagar,2024,8,2024-08-01,112.3,27.9,11.71,897.0,11930,22,28.0,Low
19,Rajajinagar,2024,9,2024-09-01,161.6,24.1,11.47,859.0,12097,11,25.2,Low
19,Rajajinagar,2024,10,2024-10-01,146.8,20.7,11.22,885.0,13501,18,24.4,Low
19,Rajajinagar,2024,11,2024-11-01,53.3,20.0,11.26,885.0,13294,16,26.3,Low
19,Rajajinagar,2024,12,2024-12-01,10.3,17.7,11.33,905.0,12564,22,34.2,Medium
19,Rajajinagar,2025,1,2025-01-01,3.7,19.6,11.34,909.0,11906,23,35.5,Medium
19,Rajajinagar,2025,2,2025-02-01,7.7,20.8,11.37,933.0,12431,23,29.3,Low
19,Rajajinagar,2025,3,2025-03-01,14.5,24.1,11.58,1465.0,11694,30,47.2,Medium
19,Rajajinagar,2025,4,2025-04-01,36.7,27.1,11.74,1467.0,13133,33,57.7,High
19,Rajajinagar,2025,5,2025-05-01,92.7,29.6,11.88,1444.0,13077,37,65.5,High
19,Rajajinagar,2025,6,2025-06-01,84.2,29.8,11.89,901.0,12248,16,23.9,Low
19,Rajajinagar,2025,7,2025-07-01,86.3,30.0,11.89,875.0,11848,18,30.3,Medium
19,Rajajinagar,2025,8,2025-08-01,94.7,28.3,11.64,865.0,13051,22,40.5,Medium
19,Rajajinagar,2025,9,2025-09-01,137.4,25.2,11.39,863.0,12543,19,25.1,Low
19,Rajajinagar,2025,10,2025-10-01,156.4,20.8,11.2,874.0,13212,14,16.7,Low
19,Rajajinagar,2025,11,2025-11-01,50.1,18.7,11.21,913.0,13042,20,31.9,Medium
19,Rajajinagar,2025,12,2025-12-01,11.6,18.6,11.22,862.0,12574,12,22.5,Low
19,Rajajinagar,2026,1,2026-01-01,3.9,18.4,11.23,914.0,13234,13,17.8,Low
19,Rajajinagar,2026,2,2026-02-01,7.9,22.0,11.24,913.0,12570,18,15.5,Low
19,Rajajinagar,2026,3,2026-03-01,10.9,24.3,11.42,1385.0,13301,33,54.9,Medium
19,Rajajinagar,2026,4,2026-04-01,34.5,28.4,11.62,1444.0,12130,30,50.7,Medium
19,Rajajinagar,2026,5,2026-05-01,97.8,30.7,11.82,1448.0,12915,29,49.9,Medium
19,Rajajinagar,2026,6,2026-06-01,68.7,31.1,11.89,848.0,13383,19,34.1,Medium
20,Vijayanagar,2024,7,2024-07-01,77.2,30.5,12.32,955.0,13565,18,32.5,Medium
20,Vijayanagar,2024,8,2024-08-01,104.1,27.2,12.09,920.0,13929,18,25.2,Low
20,Vijayanagar,2024,9,2024-09-01,161.4,25.0,11.89,885.0,13575,21,26.9,Low
20,Vijayanagar,2024,10,2024-10-01,116.5,20.8,11.72,907.0,14003,16,34.9,Medium
20,Vijayanagar,2024,11,2024-11-01,53.0,19.1,11.72,920.0,14079,23,32.5,Medium
20,Vijayanagar,2024,12,2024-12-01,10.5,19.0,11.78,917.0,13591,26,29.4,Low
20,Vijayanagar,2025,1,2025-01-01,3.3,19.2,11.78,915.0,13424,15,31.3,Medium
20,Vijayanagar,2025,2,2025-02-01,6.1,21.7,11.85,937.0,13624,19,39.1,Medium
20,Vijayanagar,2025,3,2025-03-01,14.2,25.4,11.99,1399.0,12536,31,54.3,Medium
20,Vijayanagar,2025,4,2025-04-01,41.6,27.0,12.18,1431.0,12459,32,56.4,High
20,Vijayanagar,2025,5,2025-05-01,86.7,30.4,12.33,1429.0,12868,39,62.6,High
20,Vijayanagar,2025,6,2025-06-01,90.8,30.8,12.42,868.0,14059,19,31.5,Medium
20,Vijayanagar,2025,7,2025-07-01,81.1,29.5,12.42,946.0,12555,15,29.4,Low
20,Vijayanagar,2025,8,2025-08-01,112.7,28.5,12.19,886.0,13711,23,31.5,Medium
20,Vijayanagar,2025,9,2025-09-01,168.2,24.0,11.97,850.0,12827,22,23.3,Low
20,Vijayanagar,2025,10,2025-10-01,148.1,21.6,11.77,853.0,13509,21,24.3,Low
20,Vijayanagar,2025,11,2025-11-01,54.2,19.2,11.76,864.0,13026,13,15.5,Low
20,Vijayanagar,2025,12,2025-12-01,11.4,18.0,11.82,908.0,12778,22,25.1,Low
20,Vijayanagar,2026,1,2026-01-01,2.9,19.2,11.88,864.0,13928,16,27.1,Low
20,Vijayanagar,2026,2,2026-02-01,7.3,21.9,11.9,936.0,14271,17,32.9,Medium
20,Vijayanagar,2026,3,2026-03-01,12.1,24.0,12.12,1487.0,13087,31,61.7,High
20,Vijayanagar,2026,4,2026-04-01,33.1,28.1,12.3,1419.0,13013,36,55.2,High
20,Vijayanagar,2026,5,2026-05-01,105.5,29.4,12.47,1414.0,14269,36,56.7,High
20,Vijayanagar,2026,6,2026-06-01,66.7,31.0,12.51,901.0,13375,19,31.2,Medium
21,Basaveshwaranagar,2024,7,2024-07-01,89.6,29.4,13.37,950.0,12460,19,27.4,Low
21,Basaveshwaranagar,2024,8,2024-08-01,124.2,26.8,13.16,891.0,12148,13,19.5,Low
21,Basaveshwaranagar,2024,9,2024-09-01,145.6,24.1,12.93,893.0,13327,15,25.1,Low
21,Basaveshwaranagar,2024,10,2024-10-01,136.9,21.0,12.75,902.0,11925,20,38.7,Medium
21,Basaveshwaranagar,2024,11,2024-11-01,52.6,19.8,12.75,878.0,12943,21,21.8,Low
21,Basaveshwaranagar,2024,12,2024-12-01,9.4,18.1,12.84,901.0,12849,13,25.2,Low
21,Basaveshwaranagar,2025,1,2025-01-01,2.9,19.0,12.91,904.0,13397,13,37.3,Medium
21,Basaveshwaranagar,2025,2,2025-02-01,5.8,22.3,12.97,891.0,12635,17,37.6,Medium
21,Basaveshwaranagar,2025,3,2025-03-01,14.6,23.8,13.17,1455.0,12722,39,55.5,High
21,Basaveshwaranagar,2025,4,2025-04-01,37.0,28.3,13.37,1510.0,13514,28,62.7,High
21,Basaveshwaranagar,2025,5,2025-05-01,79.7,30.7,13.51,1492.0,13102,37,72.3,High
21,Basaveshwaranagar,2025,6,2025-06-01,72.3,30.4,13.53,891.0,13289,22,46.7,Medium
21,Basaveshwaranagar,2025,7,2025-07-01,74.6,30.7,13.54,930.0,12012,15,33.1,Medium
21,Basaveshwaranagar,2025,8,2025-08-01,119.3,28.0,13.33,941.0,13050,24,38.1,Medium
21,Basaveshwaranagar,2025,9,2025-09-01,153.5,24.7,13.12,888.0,13243,15,28.7,Low
21,Basaveshwaranagar,2025,10,2025-10-01,145.5,21.4,12.93,929.0,13896,12,28.2,Low
21,Basaveshwaranagar,2025,11,2025-11-01,41.4,20.1,13.0,962.0,12070,18,33.2,Medium
21,Basaveshwaranagar,2025,12,2025-12-01,12.0,17.7,13.02,940.0,12727,14,23.8,Low
21,Basaveshwaranagar,2026,1,2026-01-01,3.8,19.3,13.09,922.0,12157,18,31.3,Medium
21,Basaveshwaranagar,2026,2,2026-02-01,5.9,21.4,13.14,878.0,12102,19,38.3,Medium
21,Basaveshwaranagar,2026,3,2026-03-01,12.0,24.6,13.28,1508.0,13821,31,55.2,High
21,Basaveshwaranagar,2026,4,2026-04-01,34.8,27.5,13.46,1510.0,12866,35,70.0,High
21,Basaveshwaranagar,2026,5,2026-05-01,81.5,30.3,13.6,1488.0,13580,39,67.0,High
21,Basaveshwaranagar,2026,6,2026-06-01,82.0,31.0,13.59,906.0,12201,21,38.7,Medium
22,RR Nagar,2024,7,2024-07-01,83.4,29.4,14.15,943.0,14754,28,47.3,Medium
22,RR Nagar,2024,8,2024-08-01,88.8,27.7,13.97,983.0,15018,28,49.6,Medium
22,RR Nagar,2024,9,2024-09-01,161.1,25.8,13.71,943.0,14901,18,42.1,Medium
22,RR Nagar,2024,10,2024-10-01,144.3,21.8,13.49,979.0,14194,25,42.0,Medium
22,RR Nagar,2024,11,2024-11-01,37.9,19.4,13.55,977.0,14848,23,53.0,Medium
22,RR Nagar,2024,12,2024-12-01,11.1,19.4,13.57,986.0,15781,24,31.3,Medium
22,RR Nagar,2025,1,2025-01-01,3.1,20.1,13.65,921.0,15243,29,48.1,Medium
22,RR Nagar,2025,2,2025-02-01,7.4,22.1,13.66,954.0,14421,22,37.6,Medium
22,RR Nagar,2025,3,2025-03-01,14.2,25.2,13.89,1516.0,15229,37,56.6,High
22,RR Nagar,2025,4,2025-04-01,34.0,27.8,14.07,1540.0,14675,43,80.9,Critical
22,RR Nagar,2025,5,2025-05-01,81.0,30.7,14.28,1534.0,13891,35,73.8,High
22,RR Nagar,2025,6,2025-06-01,67.5,31.4,14.3,936.0,14341,29,52.5,Medium
22,RR Nagar,2025,7,2025-07-01,73.9,30.6,14.3,989.0,14045,29,53.8,Medium
22,RR Nagar,2025,8,2025-08-01,118.3,28.3,14.08,926.0,15409,28,36.7,Medium
22,RR Nagar,2025,9,2025-09-01,161.5,25.7,13.85,992.0,15792,22,40.5,Medium
22,RR Nagar,2025,10,2025-10-01,104.7,21.4,13.64,969.0,15580,29,57.4,High
22,RR Nagar,2025,11,2025-11-01,47.4,20.0,13.72,948.0,15047,28,49.1,Medium
22,RR Nagar,2025,12,2025-12-01,8.9,18.2,13.78,913.0,14188,24,40.8,Medium
22,RR Nagar,2026,1,2026-01-01,3.1,19.8,13.79,953.0,14350,22,44.4,Medium
22,RR Nagar,2026,2,2026-02-01,5.6,21.2,13.83,901.0,15705,26,48.1,Medium
22,RR Nagar,2026,3,2026-03-01,12.0,25.0,13.99,1548.0,14476,36,63.9,High
22,RR Nagar,2026,4,2026-04-01,30.2,27.9,14.16,1530.0,14024,36,69.3,High
22,RR Nagar,2026,5,2026-05-01,82.5,29.8,14.31,1558.0,14901,46,84.1,Critical
22,RR Nagar,2026,6,2026-06-01,89.8,29.9,14.38,954.0,15649,26,41.0,Medium
23,Kengeri,2024,7,2024-07-01,83.8,29.8,16.45,1056.0,15212,27,49.6,Medium
23,Kengeri,2024,8,2024-08-01,117.8,28.6,16.22,1036.0,15331,20,50.6,Medium
23,Kengeri,2024,9,2024-09-01,131.2,25.0,16.04,968.0,16353,27,47.0,Medium
23,Kengeri,2024,10,2024-10-01,104.4,22.3,15.85,1033.0,15288,21,54.3,Medium
23,Kengeri,2024,11,2024-11-01,46.4,20.7,15.93,1013.0,16320,30,46.5,Medium
23,Kengeri,2024,12,2024-12-01,9.2,18.6,15.94,954.0,16028,27,52.2,Medium
23,Kengeri,2025,1,2025-01-01,2.8,19.3,15.98,1013.0,15306,20,53.6,Medium
23,Kengeri,2025,2,2025-02-01,6.3,22.2,16.04,1027.0,15611,29,47.2,Medium
23,Kengeri,2025,3,2025-03-01,13.7,24.1,16.25,1590.0,14613,45,77.6,Critical
23,Kengeri,2025,4,2025-04-01,33.8,28.3,16.43,1621.0,14713,40,87.5,Critical
23,Kengeri,2025,5,2025-05-01,87.6,31.0,16.58,1641.0,16268,45,89.2,Critical
23,Kengeri,2025,6,2025-06-01,70.8,31.8,16.63,1021.0,14686,20,52.8,Medium
23,Kengeri,2025,7,2025-07-01,79.4,31.0,16.67,1041.0,16247,24,51.4,Medium
23,Kengeri,2025,8,2025-08-01,107.5,28.0,16.41,982.0,16109,22,42.5,Medium
23,Kengeri,2025,9,2025-09-01,165.9,25.6,16.23,1049.0,16429,26,50.9,Medium
23,Kengeri,2025,10,2025-10-01,115.2,21.1,15.97,1022.0,15414,24,47.1,Medium
23,Kengeri,2025,11,2025-11-01,45.6,18.9,16.03,1041.0,15076,26,52.9,Medium
23,Kengeri,2025,12,2025-12-01,8.7,19.1,16.09,989.0,15073,25,45.0,Medium
23,Kengeri,2026,1,2026-01-01,2.8,19.2,16.16,998.0,16120,22,55.8,High
23,Kengeri,2026,2,2026-02-01,7.2,21.9,16.2,986.0,15543,22,46.1,Medium
23,Kengeri,2026,3,2026-03-01,13.3,25.6,16.35,1618.0,14966,46,74.6,High
23,Kengeri,2026,4,2026-04-01,29.5,27.0,16.53,1574.0,15604,40,86.8,Critical
23,Kengeri,2026,5,2026-05-01,99.5,30.2,16.71,1678.0,15384,45,80.7,Critical
23,Kengeri,2026,6,2026-06-01,66.5,31.5,16.79,999.0,15369,26,55.2,High
24,Nagarbhavi,2024,7,2024-07-01,86.3,30.7,14.44,972.0,13692,23,40.1,Medium
24,Nagarbhavi,2024,8,2024-08-01,93.4,28.7,14.23,1003.0,14832,22,44.0,Medium
24,Nagarbhavi,2024,9,2024-09-01,138.7,24.8,13.97,936.0,13446,19,47.4,Medium
24,Nagarbhavi,2024,10,2024-10-01,123.7,21.7,13.74,898.0,15321,20,41.3,Medium
24,Nagarbhavi,2024,11,2024-11-01,45.2,20.3,13.82,922.0,14449,18,38.3,Medium
24,Nagarbhavi,2024,12,2024-12-01,9.3,19.1,13.9,949.0,14113,28,45.8,Medium
24,Nagarbhavi,2025,1,2025-01-01,3.1,20.3,13.94,947.0,14568,23,36.6,Medium
24,Nagarbhavi,2025,2,2025-02-01,5.7,20.9,14.0,921.0,13734,21,46.0,Medium
24,Nagarbhavi,2025,3,2025-03-01,10.5,24.3,14.21,1551.0,14323,37,69.6,High
24,Nagarbhavi,2025,4,2025-04-01,32.1,28.5,14.34,1488.0,14507,33,71.4,High
24,Nagarbhavi,2025,5,2025-05-01,74.4,30.1,14.47,1515.0,13720,44,81.2,Critical
24,Nagarbhavi,2025,6,2025-06-01,79.2,29.8,14.54,980.0,13927,17,37.7,Medium
24,Nagarbhavi,2025,7,2025-07-01,96.2,30.7,14.56,997.0,14562,27,46.1,Medium
24,Nagarbhavi,2025,8,2025-08-01,93.5,28.1,14.31,980.0,14045,22,47.2,Medium
24,Nagarbhavi,2025,9,2025-09-01,139.4,24.6,14.05,921.0,15079,23,42.0,Medium
24,Nagarbhavi,2025,10,2025-10-01,113.5,21.0,13.82,957.0,13438,26,46.8,Medium
24,Nagarbhavi,2025,11,2025-11-01,38.5,19.6,13.83,956.0,15015,28,52.9,Medium
24,Nagarbhavi,2025,12,2025-12-01,10.3,18.8,13.86,901.0,14420,19,39.3,Medium
24,Nagarbhavi,2026,1,2026-01-01,3.6,19.4,13.92,972.0,14883,25,32.9,Medium
24,Nagarbhavi,2026,2,2026-02-01,5.6,21.7,13.94,984.0,13927,28,48.0,Medium
24,Nagarbhavi,2026,3,2026-03-01,10.8,25.2,14.14,1534.0,13596,31,71.0,High
24,Nagarbhavi,2026,4,2026-04-01,39.2,27.4,14.31,1498.0,14663,34,69.8,High
24,Nagarbhavi,2026,5,2026-05-01,87.1,29.7,14.46,1556.0,14870,37,76.1,Critical
24,Nagarbhavi,2026,6,2026-06-01,76.9,30.5,14.51,938.0,13973,21,44.1,Medium
25,Peenya,2024,7,2024-07-01,91.0,30.4,15.26,976.0,15119,20,35.0,Medium
25,Peenya,2024,8,2024-08-01,100.6,27.5,15.05,996.0,15134,19,51.5,Medium
25,Peenya,2024,9,2024-09-01,124.6,24.0,14.79,1012.0,14591,18,43.3,Medium
25,Peenya,2024,10,2024-10-01,108.5,20.9,14.56,1012.0,14948,24,53.8,Medium
25,Peenya,2024,11,2024-11-01,45.8,20.5,14.64,980.0,14598,20,43.4,Medium
25,Peenya,2024,12,2024-12-01,10.7,18.4,14.64,976.0,14752,20,33.0,Medium
25,Peenya,2025,1,2025-01-01,2.7,19.1,14.64,932.0,15714,28,49.0,Medium
25,Peenya,2025,2,2025-02-01,6.2,22.0,14.69,991.0,13857,19,39.5,Medium
25,Peenya,2025,3,2025-03-01,13.5,25.7,14.85,1600.0,14273,40,66.9,High
25,Peenya,2025,4,2025-04-01,42.0,28.0,15.0,1551.0,13933,33,61.4,High
25,Peenya,2025,5,2025-05-01,103.2,30.6,15.23,1607.0,15346,40,74.8,High
25,Peenya,2025,6,2025-06-01,89.7,31.0,15.3,1008.0,15642,23,40.8,Medium
25,Peenya,2025,7,2025-07-01,83.0,29.1,15.31,940.0,14987,30,51.4,Medium
25,Peenya,2025,8,2025-08-01,94.0,27.5,15.13,980.0,13739,28,48.0,Medium
25,Peenya,2025,9,2025-09-01,129.6,25.2,14.94,931.0,15583,24,46.5,Medium
25,Peenya,2025,10,2025-10-01,147.6,21.4,14.77,987.0,15540,24,35.9,Medium
25,Peenya,2025,11,2025-11-01,48.1,20.4,14.79,940.0,14219,25,36.4,Medium
25,Peenya,2025,12,2025-12-01,8.2,19.7,14.85,988.0,14948,27,52.9,Medium
25,Peenya,2026,1,2026-01-01,2.7,19.6,14.91,972.0,15691,29,59.9,High
25,Peenya,2026,2,2026-02-01,6.4,22.8,15.0,953.0,14164,25,38.6,Medium
25,Peenya,2026,3,2026-03-01,13.4,24.8,15.18,1568.0,14507,41,67.6,High
25,Peenya,2026,4,2026-04-01,42.6,28.2,15.36,1593.0,13744,35,69.1,High
25,Peenya,2026,5,2026-05-01,82.7,30.3,15.51,1585.0,14194,39,80.2,Critical
25,Peenya,2026,6,2026-06-01,72.6,30.8,15.53,1008.0,14465,29,49.6,Medium
26,Yeshwanthpur,2024,7,2024-07-01,72.8,30.0,12.9,882.0,13060,16,33.1,Medium
26,Yeshwanthpur,2024,8,2024-08-01,104.4,27.0,12.71,883.0,14131,16,30.7,Medium
26,Yeshwanthpur,2024,9,2024-09-01,187.7,25.4,12.49,934.0,14091,17,26.2,Low
26,Yeshwanthpur,2024,10,2024-10-01,137.5,21.5,12.28,863.0,14148,20,31.6,Medium
26,Yeshwanthpur,2024,11,2024-11-01,45.3,19.2,12.31,914.0,14384,17,22.8,Low
26,Yeshwanthpur,2024,12,2024-12-01,8.7,19.4,12.4,880.0,13672,22,31.7,Medium
26,Yeshwanthpur,2025,1,2025-01-01,3.7,19.2,12.46,910.0,13993,25,30.5,Medium
26,Yeshwanthpur,2025,2,2025-02-01,6.2,22.0,12.47,878.0,14135,18,34.5,Medium
26,Yeshwanthpur,2025,3,2025-03-01,12.9,25.4,12.6,1430.0,12976,33,53.5,Medium
26,Yeshwanthpur,2025,4,2025-04-01,34.6,28.0,12.75,1464.0,14246,33,63.3,High
26,Yeshwanthpur,2025,5,2025-05-01,107.7,29.7,12.89,1428.0,13976,37,62.9,High
26,Yeshwanthpur,2025,6,2025-06-01,85.4,29.9,12.9,883.0,12648,25,34.5,Medium
26,Yeshwanthpur,2025,7,2025-07-01,69.7,29.7,12.97,883.0,13045,15,37.4,Medium
26,Yeshwanthpur,2025,8,2025-08-01,124.1,27.3,12.72,896.0,13773,15,30.0,Medium
26,Yeshwanthpur,2025,9,2025-09-01,132.5,25.0,12.53,896.0,13472,26,42.3,Medium
26,Yeshwanthpur,2025,10,2025-10-01,123.3,21.6,12.35,928.0,12874,21,37.9,Medium
26,Yeshwanthpur,2025,11,2025-11-01,48.4,19.6,12.39,924.0,13139,18,30.2,Medium
26,Yeshwanthpur,2025,12,2025-12-01,11.2,18.6,12.42,886.0,13127,13,28.1,Low
26,Yeshwanthpur,2026,1,2026-01-01,3.8,19.2,12.46,862.0,14364,26,30.5,Medium
26,Yeshwanthpur,2026,2,2026-02-01,5.5,21.6,12.48,885.0,12534,18,34.4,Medium
26,Yeshwanthpur,2026,3,2026-03-01,12.9,24.5,12.62,1489.0,13299,33,55.1,High
26,Yeshwanthpur,2026,4,2026-04-01,36.7,27.2,12.82,1514.0,14135,37,61.2,High
26,Yeshwanthpur,2026,5,2026-05-01,100.3,30.5,12.99,1515.0,12885,32,60.1,High
26,Yeshwanthpur,2026,6,2026-06-01,83.1,30.2,13.04,895.0,12559,14,28.5,Low
27,CV Raman Nagar,2024,7,2024-07-01,66.7,29.6,14.76,992.0,14786,21,48.6,Medium
27,CV Raman Nagar,2024,8,2024-08-01,96.1,27.5,14.57,1014.0,15247,30,49.5,Medium
27,CV Raman Nagar,2024,9,2024-09-01,169.0,25.8,14.31,985.0,14463,26,37.1,Medium
27,CV Raman Nagar,2024,10,2024-10-01,142.2,22.5,14.12,915.0,15856,23,41.6,Medium
27,CV Raman Nagar,2024,11,2024-11-01,42.3,20.2,14.13,949.0,15862,26,52.8,Medium
27,CV Raman Nagar,2024,12,2024-12-01,9.3,19.3,14.16,936.0,15578,20,47.2,Medium
27,CV Raman Nagar,2025,1,2025-01-01,3.2,19.2,14.22,925.0,16095,31,42.6,Medium
27,CV Raman Nagar,2025,2,2025-02-01,5.4,22.2,14.26,923.0,14872,21,49.6,Medium
27,CV Raman Nagar,2025,3,2025-03-01,9.6,24.0,14.47,1536.0,15512,39,71.6,High
27,CV Raman Nagar,2025,4,2025-04-01,30.8,27.1,14.66,1589.0,16314,43,74.4,High
27,CV Raman Nagar,2025,5,2025-05-01,91.3,30.5,14.87,1517.0,14785,47,81.5,Critical
27,CV Raman Nagar,2025,6,2025-06-01,82.0,31.5,14.91,942.0,15698,24,36.2,Medium
27,CV Raman Nagar,2025,7,2025-07-01,90.6,30.1,14.96,953.0,15714,22,34.5,Medium
27,CV Raman Nagar,2025,8,2025-08-01,96.3,28.4,14.71,1001.0,16149,27,43.2,Medium
27,CV Raman Nagar,2025,9,2025-09-01,129.8,24.5,14.47,948.0,14321,28,48.8,Medium
27,CV Raman Nagar,2025,10,2025-10-01,110.7,21.0,14.29,985.0,14798,29,54.2,Medium
27,CV Raman Nagar,2025,11,2025-11-01,43.9,19.5,14.34,958.0,15423,27,42.7,Medium
27,CV Raman Nagar,2025,12,2025-12-01,9.9,18.1,14.39,916.0,15990,21,45.0,Medium
27,CV Raman Nagar,2026,1,2026-01-01,2.8,19.7,14.4,967.0,15993,28,51.0,Medium
27,CV Raman Nagar,2026,2,2026-02-01,6.8,21.4,14.44,972.0,14462,31,42.4,Medium
27,CV Raman Nagar,2026,3,2026-03-01,11.8,25.7,14.58,1573.0,14441,42,83.1,Critical
27,CV Raman Nagar,2026,4,2026-04-01,34.3,27.7,14.78,1584.0,14852,35,66.2,High
27,CV Raman Nagar,2026,5,2026-05-01,80.0,31.0,15.01,1520.0,15770,41,72.2,High
27,CV Raman Nagar,2026,6,2026-06-01,75.5,30.4,15.07,945.0,15818,25,39.6,Medium
28,Indiranagar,2024,7,2024-07-01,81.7,29.7,13.13,967.0,12134,13,30.4,Medium
28,Indiranagar,2024,8,2024-08-01,105.5,26.9,12.95,918.0,12505,15,39.4,Medium
28,Indiranagar,2024,9,2024-09-01,153.4,24.3,12.75,912.0,13252,19,34.7,Medium
28,Indiranagar,2024,10,2024-10-01,123.9,22.1,12.56,889.0,13723,17,30.7,Medium
28,Indiranagar,2024,11,2024-11-01,51.0,20.4,12.61,917.0,13787,15,22.8,Low
28,Indiranagar,2024,12,2024-12-01,9.3,19.3,12.6,947.0,13179,15,33.6,Medium
28,Indiranagar,2025,1,2025-01-01,3.5,20.3,12.61,869.0,12511,13,23.0,Low
28,Indiranagar,2025,2,2025-02-01,7.1,21.1,12.68,876.0,12600,23,35.9,Medium
28,Indiranagar,2025,3,2025-03-01,13.9,25.2,12.82,1505.0,13179,33,63.8,High
28,Indiranagar,2025,4,2025-04-01,40.0,27.2,13.01,1488.0,11957,27,59.0,High
28,Indiranagar,2025,5,2025-05-01,89.6,30.4,13.17,1524.0,13540,29,62.9,High
28,Indiranagar,2025,6,2025-06-01,84.6,29.6,13.24,919.0,12410,12,27.9,Low
28,Indiranagar,2025,7,2025-07-01,75.5,29.8,13.25,886.0,13263,16,33.4,Medium
28,Indiranagar,2025,8,2025-08-01,115.5,27.6,13.0,904.0,12589,13,20.2,Low
28,Indiranagar,2025,9,2025-09-01,167.5,23.7,12.75,877.0,12804,21,25.2,Low
28,Indiranagar,2025,10,2025-10-01,120.1,21.7,12.52,928.0,12192,19,39.5,Medium
28,Indiranagar,2025,11,2025-11-01,43.1,18.5,12.59,897.0,13648,12,31.6,Medium
28,Indiranagar,2025,12,2025-12-01,10.0,18.3,12.61,925.0,11848,15,37.6,Medium
28,Indiranagar,2026,1,2026-01-01,3.6,20.4,12.65,881.0,11890,22,26.3,Low
28,Indiranagar,2026,2,2026-02-01,6.6,22.1,12.72,879.0,11909,23,41.6,Medium
28,Indiranagar,2026,3,2026-03-01,14.6,25.2,12.84,1493.0,12023,32,46.9,Medium
28,Indiranagar,2026,4,2026-04-01,34.8,27.7,12.98,1482.0,12317,32,66.0,High
28,Indiranagar,2026,5,2026-05-01,82.8,30.2,13.11,1493.0,13127,27,55.1,High
28,Indiranagar,2026,6,2026-06-01,75.5,31.2,13.16,884.0,13110,11,27.1,Low
29,Ulsoor,2024,7,2024-07-01,97.6,30.1,12.06,853.0,13175,18,18.3,Low
29,Ulsoor,2024,8,2024-08-01,108.5,28.5,11.79,876.0,13174,17,22.3,Low
29,Ulsoor,2024,9,2024-09-01,165.4,24.5,11.6,842.0,11935,17,21.7,Low
29,Ulsoor,2024,10,2024-10-01,134.2,20.9,11.35,869.0,12690,13,30.6,Medium
29,Ulsoor,2024,11,2024-11-01,47.9,20.0,11.4,923.0,13221,20,20.9,Low
29,Ulsoor,2024,12,2024-12-01,10.6,18.1,11.41,925.0,12754,11,19.7,Low
29,Ulsoor,2025,1,2025-01-01,4.0,19.6,11.46,859.0,11921,12,23.6,Low
29,Ulsoor,2025,2,2025-02-01,7.9,21.2,11.5,858.0,11717,17,24.6,Low
29,Ulsoor,2025,3,2025-03-01,14.7,24.2,11.69,1430.0,11711,38,60.7,High
29,Ulsoor,2025,4,2025-04-01,34.4,28.4,11.9,1418.0,12555,37,54.9,Medium
29,Ulsoor,2025,5,2025-05-01,89.7,30.5,12.09,1470.0,13200,30,54.9,Medium
29,Ulsoor,2025,6,2025-06-01,81.1,31.4,12.17,948.0,11988,20,25.7,Low
29,Ulsoor,2025,7,2025-07-01,77.6,30.3,12.22,882.0,12574,13,24.0,Low
29,Ulsoor,2025,8,2025-08-01,120.5,27.3,12.0,898.0,12445,18,29.2,Low
29,Ulsoor,2025,9,2025-09-01,158.2,25.3,11.77,858.0,11827,10,26.2,Low
29,Ulsoor,2025,10,2025-10-01,116.0,21.1,11.53,913.0,13416,20,27.2,Low
29,Ulsoor,2025,11,2025-11-01,54.9,20.3,11.61,889.0,12090,16,16.2,Low
29,Ulsoor,2025,12,2025-12-01,10.1,17.6,11.67,880.0,12066,18,31.4,Medium
29,Ulsoor,2026,1,2026-01-01,3.6,19.4,11.74,922.0,12481,16,30.7,Medium
29,Ulsoor,2026,2,2026-02-01,5.9,22.5,11.79,884.0,12910,17,31.8,Medium
29,Ulsoor,2026,3,2026-03-01,13.6,23.7,11.93,1427.0,12049,36,54.4,Medium
29,Ulsoor,2026,4,2026-04-01,38.1,27.8,12.06,1444.0,11724,36,57.6,High
29,Ulsoor,2026,5,2026-05-01,103.1,29.0,12.25,1494.0,12832,27,49.4,Medium
29,Ulsoor,2026,6,2026-06-01,81.3,29.9,12.3,929.0,11844,16,25.0,Low
30,Shivajinagar,2024,7,2024-07-01,99.6,30.3,12.76,881.0,11548,15,20.5,Low
30,Shivajinagar,2024,8,2024-08-01,114.5,27.3,12.56,915.0,13220,14,25.0,Low
30,Shivajinagar,2024,9,2024-09-01,181.4,25.4,12.33,924.0,11620,21,23.4,Low
30,Shivajinagar,2024,10,2024-10-01,150.0,21.4,12.08,929.0,12213,18,20.4,Low
30,Shivajinagar,2024,11,2024-11-01,42.0,18.7,12.13,879.0,12237,21,34.7,Medium
30,Shivajinagar,2024,12,2024-12-01,8.7,19.3,12.15,913.0,12271,15,25.6,Low
30,Shivajinagar,2025,1,2025-01-01,3.6,18.8,12.19,917.0,12435,20,21.9,Low
30,Shivajinagar,2025,2,2025-02-01,6.1,21.8,12.18,940.0,12654,20,31.9,Medium
30,Shivajinagar,2025,3,2025-03-01,15.0,23.6,12.34,1421.0,12664,32,52.8,Medium
30,Shivajinagar,2025,4,2025-04-01,40.6,28.1,12.48,1455.0,12478,37,51.9,Medium
30,Shivajinagar,2025,5,2025-05-01,89.5,29.5,12.63,1422.0,12175,32,54.5,Medium
30,Shivajinagar,2025,6,2025-06-01,72.6,30.9,12.65,919.0,12369,18,36.4,Medium
30,Shivajinagar,2025,7,2025-07-01,75.7,30.2,12.7,966.0,12287,18,43.4,Medium
30,Shivajinagar,2025,8,2025-08-01,132.6,27.1,12.48,894.0,12371,22,24.6,Low
30,Shivajinagar,2025,9,2025-09-01,145.0,24.7,12.25,919.0,12305,12,31.1,Medium
30,Shivajinagar,2025,10,2025-10-01,149.9,22.5,11.97,852.0,12571,11,24.6,Low
30,Shivajinagar,2025,11,2025-11-01,53.0,20.3,11.99,883.0,12441,18,16.0,Low
30,Shivajinagar,2025,12,2025-12-01,9.4,18.1,12.06,882.0,12333,14,20.3,Low
30,Shivajinagar,2026,1,2026-01-01,3.7,19.0,12.12,915.0,11378,12,19.7,Low
30,Shivajinagar,2026,2,2026-02-01,6.6,21.9,12.2,935.0,12611,16,32.1,Medium
30,Shivajinagar,2026,3,2026-03-01,14.9,24.6,12.35,1483.0,12148,34,58.8,High
30,Shivajinagar,2026,4,2026-04-01,36.6,28.0,12.5,1464.0,11737,33,64.3,High
30,Shivajinagar,2026,5,2026-05-01,108.9,29.4,12.72,1447.0,11382,37,57.5,High
30,Shivajinagar,2026,6,2026-06-01,92.8,30.7,12.74,928.0,13049,19,30.9,Medium
31,Domlur,2024,7,2024-07-01,70.5,29.7,12.95,898.0,13184,25,37.3,Medium
31,Domlur,2024,8,2024-08-01,102.3,26.9,12.75,947.0,14107,18,27.3,Low
31,Domlur,2024,9,2024-09-01,159.8,24.7,12.49,955.0,13745,19,37.4,Medium
31,Domlur,2024,10,2024-10-01,118.2,22.4,12.3,951.0,13633,14,36.4,Medium
31,Domlur,2024,11,2024-11-01,45.9,19.9,12.34,859.0,14145,22,33.4,Medium
31,Domlur,2024,12,2024-12-01,8.7,18.6,12.34,910.0,13598,17,35.6,Medium
31,Domlur,2025,1,2025-01-01,3.2,20.2,12.36,878.0,12833,17,29.9,Low
31,Domlur,2025,2,2025-02-01,5.9,21.0,12.38,861.0,13526,19,29.3,Low
31,Domlur,2025,3,2025-03-01,12.0,24.3,12.52,1481.0,12847,31,52.3,Medium
31,Domlur,2025,4,2025-04-01,39.6,27.3,12.68,1430.0,13221,36,52.1,Medium
31,Domlur,2025,5,2025-05-01,78.3,29.7,12.82,1483.0,13466,38,71.5,High
31,Domlur,2025,6,2025-06-01,83.7,30.3,12.9,944.0,13622,20,40.5,Medium
31,Domlur,2025,7,2025-07-01,92.3,29.8,12.9,954.0,14119,19,30.2,Medium
31,Domlur,2025,8,2025-08-01,117.2,28.1,12.67,890.0,12728,24,34.4,Medium
31,Domlur,2025,9,2025-09-01,184.3,24.4,12.46,928.0,13858,24,29.7,Low
31,Domlur,2025,10,2025-10-01,112.8,21.6,12.22,902.0,12622,23,40.2,Medium
31,Domlur,2025,11,2025-11-01,40.4,18.7,12.29,937.0,12932,21,42.0,Medium
31,Domlur,2025,12,2025-12-01,10.3,18.5,12.33,920.0,13376,25,33.1,Medium
31,Domlur,2026,1,2026-01-01,3.2,20.1,12.38,938.0,13151,23,37.2,Medium
31,Domlur,2026,2,2026-02-01,6.1,22.0,12.38,953.0,13428,19,36.9,Medium
31,Domlur,2026,3,2026-03-01,12.5,24.8,12.58,1431.0,14192,29,48.8,Medium
31,Domlur,2026,4,2026-04-01,42.3,28.2,12.74,1469.0,13600,29,57.7,High
31,Domlur,2026,5,2026-05-01,105.8,30.7,12.93,1427.0,12573,30,52.2,Medium
31,Domlur,2026,6,2026-06-01,77.2,30.8,12.94,942.0,12913,20,42.2,Medium
32,Sarjapur Road,2024,7,2024-07-01,85.3,30.3,17.32,1017.0,16779,27,61.5,High
32,Sarjapur Road,2024,8,2024-08-01,89.9,27.5,17.09,1014.0,17698,28,63.2,High
32,Sarjapur Road,2024,9,2024-09-01,155.1,24.9,16.91,1059.0,17070,36,59.8,High
32,Sarjapur Road,2024,10,2024-10-01,106.5,22.0,16.69,1022.0,17925,33,58.5,High
32,Sarjapur Road,2024,11,2024-11-01,37.7,20.9,16.79,985.0,18595,36,58.0,High
32,Sarjapur Road,2024,12,2024-12-01,7.1,18.2,16.87,1020.0,17473,40,65.0,High
32,Sarjapur Road,2025,1,2025-01-01,3.1,19.8,16.92,1052.0,17809,33,56.2,High
32,Sarjapur Road,2025,2,2025-02-01,5.8,22.3,16.98,1010.0,16972,35,64.3,High
32,Sarjapur Road,2025,3,2025-03-01,12.4,24.7,17.17,1638.0,17692,47,95.1,Critical
32,Sarjapur Road,2025,4,2025-04-01,33.3,28.6,17.32,1651.0,17981,44,93.1,Critical
32,Sarjapur Road,2025,5,2025-05-01,95.2,31.4,17.54,1658.0,16756,54,85.7,Critical
32,Sarjapur Road,2025,6,2025-06-01,67.6,31.7,17.64,999.0,17867,37,63.4,High
32,Sarjapur Road,2025,7,2025-07-01,58.6,30.1,17.73,1040.0,17625,33,73.8,High
32,Sarjapur Road,2025,8,2025-08-01,90.5,29.1,17.55,1018.0,16671,39,72.7,High
32,Sarjapur Road,2025,9,2025-09-01,149.7,25.3,17.3,1030.0,16938,28,65.1,High
32,Sarjapur Road,2025,10,2025-10-01,130.0,22.4,17.07,985.0,17611,38,57.6,High
32,Sarjapur Road,2025,11,2025-11-01,33.5,19.6,17.16,980.0,16823,29,64.4,High
32,Sarjapur Road,2025,12,2025-12-01,7.4,19.1,17.25,1007.0,18002,33,71.3,High
32,Sarjapur Road,2026,1,2026-01-01,3.3,19.7,17.27,996.0,18468,29,55.2,High
32,Sarjapur Road,2026,2,2026-02-01,6.9,22.7,17.3,1027.0,17875,30,59.2,High
32,Sarjapur Road,2026,3,2026-03-01,10.1,25.5,17.52,1622.0,16935,47,90.6,Critical
32,Sarjapur Road,2026,4,2026-04-01,35.7,28.7,17.71,1657.0,18011,48,85.8,Critical
32,Sarjapur Road,2026,5,2026-05-01,91.4,29.4,17.95,1673.0,17957,55,98.9,Critical
32,Sarjapur Road,2026,6,2026-06-01,55.3,32.0,18.02,1096.0,17464,39,82.6,Critical
33,Varthur,2024,7,2024-07-01,66.1,29.5,16.98,1014.0,17786,36,70.1,High
33,Varthur,2024,8,2024-08-01,98.4,27.5,16.76,1038.0,16600,33,63.4,High
33,Varthur,2024,9,2024-09-01,157.7,24.2,16.5,973.0,17132,29,48.8,Medium
33,Varthur,2024,10,2024-10-01,102.1,21.2,16.25,1050.0,17553,37,74.1,High
33,Varthur,2024,11,2024-11-01,42.5,20.4,16.27,1042.0,16500,34,65.9,High
33,Varthur,2024,12,2024-12-01,9.0,20.1,16.37,1029.0,16747,32,65.8,High
33,Varthur,2025,1,2025-01-01,3.1,20.8,16.41,1003.0,18047,36,57.2,High
33,Varthur,2025,2,2025-02-01,5.0,21.3,16.49,1001.0,16905,27,66.8,High
33,Varthur,2025,3,2025-03-01,9.9,25.0,16.68,1670.0,17461,43,90.5,Critical
33,Varthur,2025,4,2025-04-01,28.1,28.7,16.84,1648.0,18065,50,90.3,Critical
33,Varthur,2025,5,2025-05-01,66.3,30.5,17.0,1635.0,18033,43,94.9,Critical
33,Varthur,2025,6,2025-06-01,81.7,31.5,17.04,1046.0,18049,33,57.9,High
33,Varthur,2025,7,2025-07-01,86.2,30.3,17.09,1062.0,17802,36,60.9,High
33,Varthur,2025,8,2025-08-01,75.6,29.1,16.91,1021.0,17374,38,68.5,High
33,Varthur,2025,9,2025-09-01,149.2,25.0,16.71,1064.0,16421,33,67.6,High
33,Varthur,2025,10,2025-10-01,96.7,22.1,16.53,1028.0,16593,26,58.9,High
33,Varthur,2025,11,2025-11-01,35.1,20.4,16.63,1029.0,16959,27,62.6,High
33,Varthur,2025,12,2025-12-01,9.6,18.4,16.65,1038.0,17426,32,50.9,Medium
33,Varthur,2026,1,2026-01-01,3.0,19.6,16.72,1051.0,17139,39,58.2,High
33,Varthur,2026,2,2026-02-01,4.8,22.7,16.73,980.0,17854,34,64.9,High
33,Varthur,2026,3,2026-03-01,11.8,25.9,16.88,1643.0,18090,41,78.5,Critical
33,Varthur,2026,4,2026-04-01,34.9,28.1,17.11,1599.0,17643,42,79.2,Critical
33,Varthur,2026,5,2026-05-01,65.5,30.0,17.33,1649.0,16581,48,100,Critical
33,Varthur,2026,6,2026-06-01,58.2,31.1,17.42,1008.0,17849,31,70.8,High
34,Hennur,2024,7,2024-07-01,86.5,29.7,15.54,996.0,13755,27,52.2,Medium
34,Hennur,2024,8,2024-08-01,115.7,28.0,15.3,945.0,13762,22,44.0,Medium
34,Hennur,2024,9,2024-09-01,157.1,24.7,15.12,932.0,13680,28,48.3,Medium
34,Hennur,2024,10,2024-10-01,143.1,20.8,14.89,923.0,13839,18,38.5,Medium
34,Hennur,2024,11,2024-11-01,51.0,19.4,14.97,1002.0,14865,19,40.4,Medium
34,Hennur,2024,12,2024-12-01,9.8,18.6,15.06,988.0,13555,19,42.2,Medium
34,Hennur,2025,1,2025-01-01,3.8,19.9,15.14,963.0,13489,20,31.3,Medium
34,Hennur,2025,2,2025-02-01,6.6,21.0,15.17,1005.0,14559,19,47.3,Medium
34,Hennur,2025,3,2025-03-01,12.9,24.4,15.32,1602.0,14850,44,77.2,Critical
34,Hennur,2025,4,2025-04-01,32.1,28.2,15.45,1592.0,14050,37,75.8,Critical
34,Hennur,2025,5,2025-05-01,99.3,30.5,15.58,1607.0,15330,34,74.5,High
34,Hennur,2025,6,2025-06-01,76.6,30.0,15.67,1014.0,14665,21,41.7,Medium
34,Hennur,2025,7,2025-07-01,86.4,29.7,15.74,976.0,13676,26,52.7,Medium
34,Hennur,2025,8,2025-08-01,100.6,27.3,15.52,986.0,15261,18,51.3,Medium
34,Hennur,2025,9,2025-09-01,151.5,24.6,15.26,1003.0,14744,29,46.1,Medium
34,Hennur,2025,10,2025-10-01,111.9,22.2,14.99,938.0,15183,23,42.6,Medium
34,Hennur,2025,11,2025-11-01,42.0,20.4,15.05,1005.0,14756,25,43.6,Medium
34,Hennur,2025,12,2025-12-01,11.4,19.5,15.05,1012.0,14458,30,46.8,Medium
34,Hennur,2026,1,2026-01-01,3.6,19.2,15.12,1002.0,13973,21,41.8,Medium
34,Hennur,2026,2,2026-02-01,7.4,22.0,15.13,986.0,13490,29,37.6,Medium
34,Hennur,2026,3,2026-03-01,12.0,25.3,15.27,1574.0,14439,42,82.6,Critical
34,Hennur,2026,4,2026-04-01,35.9,27.3,15.45,1529.0,14944,44,72.3,High
34,Hennur,2026,5,2026-05-01,82.5,30.3,15.58,1581.0,14090,41,85.6,Critical
34,Hennur,2026,6,2026-06-01,84.1,29.9,15.63,1018.0,15228,22,48.9,Medium
35,Banaswadi,2024,7,2024-07-01,81.1,30.2,13.94,906.0,14907,20,30.0,Medium
35,Banaswadi,2024,8,2024-08-01,103.9,27.3,13.76,948.0,14709,26,36.1,Medium
35,Banaswadi,2024,9,2024-09-01,177.8,25.2,13.49,982.0,14469,27,32.3,Medium
35,Banaswadi,2024,10,2024-10-01,125.0,22.0,13.26,899.0,14238,16,37.0,Medium
35,Banaswadi,2024,11,2024-11-01,40.3,20.5,13.27,893.0,14077,28,44.9,Medium
35,Banaswadi,2024,12,2024-12-01,11.5,18.2,13.34,906.0,13825,19,32.2,Medium
35,Banaswadi,2025,1,2025-01-01,3.0,18.7,13.37,933.0,14173,17,40.1,Medium
35,Banaswadi,2025,2,2025-02-01,7.0,21.8,13.4,947.0,14720,28,45.1,Medium
35,Banaswadi,2025,3,2025-03-01,14.3,23.9,13.61,1500.0,13280,42,61.1,High
35,Banaswadi,2025,4,2025-04-01,43.1,27.0,13.77,1530.0,14113,42,66.0,High
35,Banaswadi,2025,5,2025-05-01,94.6,29.5,13.99,1524.0,13384,35,64.3,High
35,Banaswadi,2025,6,2025-06-01,82.2,30.3,13.99,987.0,13585,28,45.8,Medium
35,Banaswadi,2025,7,2025-07-01,79.5,29.6,14.05,934.0,14307,24,47.5,Medium
35,Banaswadi,2025,8,2025-08-01,104.7,27.4,13.79,974.0,13463,19,38.4,Medium
35,Banaswadi,2025,9,2025-09-01,182.9,25.3,13.52,923.0,14032,18,36.3,Medium
35,Banaswadi,2025,10,2025-10-01,141.6,21.3,13.34,968.0,14506,24,32.0,Medium
35,Banaswadi,2025,11,2025-11-01,40.9,18.7,13.37,897.0,13641,18,37.8,Medium
35,Banaswadi,2025,12,2025-12-01,8.2,18.4,13.4,922.0,14200,18,36.8,Medium
35,Banaswadi,2026,1,2026-01-01,3.8,19.4,13.45,901.0,14036,20,22.6,Low
35,Banaswadi,2026,2,2026-02-01,7.1,22.7,13.47,957.0,14068,19,40.9,Medium
35,Banaswadi,2026,3,2026-03-01,14.5,24.9,13.61,1511.0,14934,36,63.3,High
35,Banaswadi,2026,4,2026-04-01,40.1,28.6,13.75,1515.0,13736,36,69.1,High
35,Banaswadi,2026,5,2026-05-01,88.6,29.1,13.89,1530.0,14287,33,72.8,High
35,Banaswadi,2026,6,2026-06-01,71.7,29.8,13.93,943.0,14463,17,38.9,Medium
36,Vidyaranyapura,2024,7,2024-07-01,77.4,30.1,13.36,975.0,13602,17,42.9,Medium
36,Vidyaranyapura,2024,8,2024-08-01,102.6,27.5,13.11,913.0,14835,26,33.6,Medium
36,Vidyaranyapura,2024,9,2024-09-01,170.4,24.6,12.93,954.0,13457,25,43.7,Medium
36,Vidyaranyapura,2024,10,2024-10-01,128.9,22.5,12.67,926.0,13052,17,32.2,Medium
36,Vidyaranyapura,2024,11,2024-11-01,51.6,20.5,12.67,963.0,14392,16,26.4,Low
36,Vidyaranyapura,2024,12,2024-12-01,11.4,18.6,12.72,939.0,14390,16,21.7,Low
36,Vidyaranyapura,2025,1,2025-01-01,3.2,19.6,12.72,951.0,14549,19,36.3,Medium
36,Vidyaranyapura,2025,2,2025-02-01,6.5,20.8,12.72,894.0,14792,25,36.3,Medium
36,Vidyaranyapura,2025,3,2025-03-01,13.1,25.5,12.88,1475.0,14256,33,52.4,Medium
36,Vidyaranyapura,2025,4,2025-04-01,34.3,28.7,13.01,1505.0,14042,37,72.9,High
36,Vidyaranyapura,2025,5,2025-05-01,95.4,29.9,13.21,1450.0,13905,37,67.3,High
36,Vidyaranyapura,2025,6,2025-06-01,69.1,29.9,13.24,969.0,13151,17,34.9,Medium
36,Vidyaranyapura,2025,7,2025-07-01,80.4,30.8,13.27,911.0,13939,27,41.0,Medium
36,Vidyaranyapura,2025,8,2025-08-01,118.1,27.1,13.0,950.0,13967,26,41.7,Medium
36,Vidyaranyapura,2025,9,2025-09-01,168.0,24.3,12.79,939.0,13072,22,38.9,Medium
36,Vidyaranyapura,2025,10,2025-10-01,109.2,21.8,12.55,912.0,13561,26,36.4,Medium
36,Vidyaranyapura,2025,11,2025-11-01,39.9,19.0,12.57,954.0,14107,25,42.2,Medium
36,Vidyaranyapura,2025,12,2025-12-01,10.1,18.8,12.64,877.0,13801,16,34.1,Medium
36,Vidyaranyapura,2026,1,2026-01-01,3.8,19.5,12.66,903.0,14514,26,33.8,Medium
36,Vidyaranyapura,2026,2,2026-02-01,7.3,21.4,12.73,871.0,14509,17,32.8,Medium
36,Vidyaranyapura,2026,3,2026-03-01,10.8,24.2,12.87,1438.0,13037,39,72.0,High
36,Vidyaranyapura,2026,4,2026-04-01,31.6,28.3,13.07,1437.0,13096,40,69.6,High
36,Vidyaranyapura,2026,5,2026-05-01,76.6,29.2,13.22,1445.0,14215,39,74.1,High
36,Vidyaranyapura,2026,6,2026-06-01,90.7,30.1,13.3,901.0,13583,16,32.7,Medium
37,Jalahalli,2024,7,2024-07-01,97.7,29.6,14.29,957.0,13857,16,31.9,Medium
37,Jalahalli,2024,8,2024-08-01,93.9,27.8,14.02,922.0,12783,17,45.9,Medium
37,Jalahalli,2024,9,2024-09-01,162.2,25.6,13.75,915.0,13408,22,34.7,Medium
37,Jalahalli,2024,10,2024-10-01,139.1,21.6,13.57,907.0,13110,18,28.2,Low
37,Jalahalli,2024,11,2024-11-01,41.8,18.7,13.66,904.0,12621,15,39.3,Medium
37,Jalahalli,2024,12,2024-12-01,10.8,18.8,13.65,924.0,12631,17,33.1,Medium
37,Jalahalli,2025,1,2025-01-01,3.1,20.4,13.69,948.0,12981,24,36.8,Medium
37,Jalahalli,2025,2,2025-02-01,5.7,22.4,13.73,961.0,12759,26,46.3,Medium
37,Jalahalli,2025,3,2025-03-01,10.9,24.6,13.92,1475.0,12687,33,68.8,High
37,Jalahalli,2025,4,2025-04-01,32.5,28.5,14.14,1482.0,14350,32,69.0,High
37,Jalahalli,2025,5,2025-05-01,108.9,29.1,14.35,1556.0,12957,37,64.8,High
37,Jalahalli,2025,6,2025-06-01,73.6,31.3,14.4,950.0,13352,21,40.7,Medium
37,Jalahalli,2025,7,2025-07-01,83.8,29.4,14.47,923.0,12901,19,39.8,Medium
37,Jalahalli,2025,8,2025-08-01,95.3,26.9,14.2,912.0,13756,26,43.6,Medium
37,Jalahalli,2025,9,2025-09-01,170.3,24.0,13.98,909.0,12553,23,40.7,Medium
37,Jalahalli,2025,10,2025-10-01,148.9,21.1,13.77,943.0,12923,17,37.2,Medium
37,Jalahalli,2025,11,2025-11-01,47.1,20.4,13.77,937.0,14230,18,31.8,Medium
37,Jalahalli,2025,12,2025-12-01,9.7,18.6,13.77,950.0,14121,17,39.7,Medium
37,Jalahalli,2026,1,2026-01-01,3.4,18.7,13.83,944.0,12619,22,41.1,Medium
37,Jalahalli,2026,2,2026-02-01,7.2,21.8,13.87,982.0,13413,18,34.7,Medium
37,Jalahalli,2026,3,2026-03-01,14.8,24.9,14.03,1569.0,13041,28,49.8,Medium
37,Jalahalli,2026,4,2026-04-01,42.5,27.4,14.22,1482.0,14183,32,52.8,Medium
37,Jalahalli,2026,5,2026-05-01,87.6,29.6,14.38,1551.0,12895,36,71.8,High
37,Jalahalli,2026,6,2026-06-01,91.7,29.8,14.4,944.0,12439,17,31.2,Medium
38,Chikkabanavara,2024,7,2024-07-01,82.8,30.8,15.35,1003.0,14776,30,48.7,Medium
38,Chikkabanavara,2024,8,2024-08-01,100.7,28.0,15.16,939.0,14950,21,44.1,Medium
38,Chikkabanavara,2024,9,2024-09-01,168.5,24.5,14.95,960.0,14472,23,46.7,Medium
38,Chikkabanavara,2024,10,2024-10-01,143.0,22.5,14.73,947.0,13695,30,43.1,Medium
38,Chikkabanavara,2024,11,2024-11-01,39.9,20.1,14.74,1003.0,13789,21,39.8,Medium
38,Chikkabanavara,2024,12,2024-12-01,10.8,18.8,14.75,998.0,14903,21,44.8,Medium
38,Chikkabanavara,2025,1,2025-01-01,3.1,19.7,14.77,960.0,14850,23,48.7,Medium
38,Chikkabanavara,2025,2,2025-02-01,5.7,20.9,14.84,1007.0,14754,20,54.4,Medium
38,Chikkabanavara,2025,3,2025-03-01,13.2,24.8,15.06,1566.0,14829,42,72.5,High
38,Chikkabanavara,2025,4,2025-04-01,37.2,28.1,15.24,1556.0,13895,34,73.3,High
38,Chikkabanavara,2025,5,2025-05-01,82.2,29.9,15.4,1609.0,13729,35,74.8,High
38,Chikkabanavara,2025,6,2025-06-01,85.9,31.1,15.42,996.0,14412,18,34.5,Medium
38,Chikkabanavara,2025,7,2025-07-01,73.1,30.7,15.47,993.0,14472,25,43.6,Medium
38,Chikkabanavara,2025,8,2025-08-01,91.7,27.1,15.22,1011.0,14917,19,53.4,Medium
38,Chikkabanavara,2025,9,2025-09-01,179.9,24.8,14.95,1010.0,13768,25,47.6,Medium
38,Chikkabanavara,2025,10,2025-10-01,148.4,21.6,14.71,984.0,13781,29,47.3,Medium
38,Chikkabanavara,2025,11,2025-11-01,38.5,18.9,14.78,1013.0,14644,28,60.2,High
38,Chikkabanavara,2025,12,2025-12-01,11.2,18.3,14.87,946.0,13845,27,38.5,Medium
38,Chikkabanavara,2026,1,2026-01-01,3.3,19.4,14.94,947.0,14446,19,34.8,Medium
38,Chikkabanavara,2026,2,2026-02-01,7.6,21.7,14.97,983.0,14581,22,46.0,Medium
38,Chikkabanavara,2026,3,2026-03-01,11.3,24.7,15.16,1613.0,15359,44,79.4,Critical
38,Chikkabanavara,2026,4,2026-04-01,39.2,28.5,15.29,1618.0,14812,43,79.4,Critical
38,Chikkabanavara,2026,5,2026-05-01,103.4,30.4,15.5,1554.0,14705,36,75.3,Critical
38,Chikkabanavara,2026,6,2026-06-01,72.8,31.4,15.51,1024.0,15315,22,55.2,High
39,Uttarahalli,2024,7,2024-07-01,93.7,29.6,14.87,1004.0,14551,21,45.2,Medium
39,Uttarahalli,2024,8,2024-08-01,119.4,28.1,14.69,994.0,14893,19,43.3,Medium
39,Uttarahalli,2024,9,2024-09-01,169.2,25.8,14.47,953.0,15762,28,48.9,Medium
39,Uttarahalli,2024,10,2024-10-01,142.3,22.5,14.27,957.0,14784,26,46.0,Medium
39,Uttarahalli,2024,11,2024-11-01,47.6,19.6,14.27,912.0,15363,27,45.9,Medium
39,Uttarahalli,2024,12,2024-12-01,8.2,18.7,14.33,940.0,14244,21,45.5,Medium
39,Uttarahalli,2025,1,2025-01-01,3.7,20.4,14.41,995.0,15452,29,40.0,Medium
39,Uttarahalli,2025,2,2025-02-01,6.3,22.4,14.43,980.0,15734,29,43.4,Medium
39,Uttarahalli,2025,3,2025-03-01,11.5,24.2,14.65,1591.0,15849,37,81.2,Critical
39,Uttarahalli,2025,4,2025-04-01,41.4,28.2,14.84,1594.0,16028,36,71.3,High
39,Uttarahalli,2025,5,2025-05-01,76.4,29.9,15.02,1537.0,14258,38,84.1,Critical
39,Uttarahalli,2025,6,2025-06-01,64.5,31.3,15.06,1018.0,14987,27,47.9,Medium
39,Uttarahalli,2025,7,2025-07-01,85.8,29.5,15.14,1007.0,14656,25,39.7,Medium
39,Uttarahalli,2025,8,2025-08-01,117.1,28.1,14.97,953.0,15434,24,39.7,Medium
39,Uttarahalli,2025,9,2025-09-01,130.6,24.5,14.73,980.0,15895,23,51.8,Medium
39,Uttarahalli,2025,10,2025-10-01,125.0,20.9,14.47,944.0,15466,28,50.2,Medium
39,Uttarahalli,2025,11,2025-11-01,47.1,20.2,14.5,922.0,14198,23,35.6,Medium
39,Uttarahalli,2025,12,2025-12-01,11.0,19.9,14.59,1011.0,15276,28,36.7,Medium
39,Uttarahalli,2026,1,2026-01-01,2.9,19.9,14.62,955.0,14822,31,53.0,Medium
39,Uttarahalli,2026,2,2026-02-01,6.5,21.4,14.67,1010.0,15836,20,39.6,Medium
39,Uttarahalli,2026,3,2026-03-01,12.0,24.2,14.81,1507.0,14336,45,81.4,Critical
39,Uttarahalli,2026,4,2026-04-01,39.1,28.7,14.97,1596.0,15306,44,72.3,High
39,Uttarahalli,2026,5,2026-05-01,81.1,30.9,15.13,1615.0,15607,36,82.3,Critical
39,Uttarahalli,2026,6,2026-06-01,79.9,31.5,15.13,943.0,14540,19,36.3,Medium
40,Begur,2024,7,2024-07-01,74.6,31.2,16.55,968.0,15753,31,56.6,High
40,Begur,2024,8,2024-08-01,99.2,28.7,16.37,972.0,15227,33,52.1,Medium
40,Begur,2024,9,2024-09-01,126.5,25.0,16.13,1042.0,16211,29,67.3,High
40,Begur,2024,10,2024-10-01,123.7,22.1,15.9,955.0,16577,31,59.8,High
40,Begur,2024,11,2024-11-01,34.3,20.2,15.98,989.0,16221,34,68.1,High
40,Begur,2024,12,2024-12-01,7.9,18.2,16.06,1018.0,15948,34,63.9,High
40,Begur,2025,1,2025-01-01,2.5,20.7,16.13,1048.0,15690,31,66.9,High
40,Begur,2025,2,2025-02-01,7.2,22.1,16.16,959.0,16327,26,38.9,Medium
40,Begur,2025,3,2025-03-01,9.6,25.9,16.33,1603.0,15396,49,98.4,Critical
40,Begur,2025,4,2025-04-01,28.9,28.7,16.48,1647.0,15610,47,95.2,Critical
40,Begur,2025,5,2025-05-01,71.7,30.2,16.65,1657.0,15660,46,86.6,Critical
40,Begur,2025,6,2025-06-01,77.4,31.7,16.71,1017.0,16811,28,55.1,High
40,Begur,2025,7,2025-07-01,74.2,30.7,16.79,1031.0,15908,27,49.6,Medium
40,Begur,2025,8,2025-08-01,93.3,27.9,16.55,1032.0,15350,28,60.0,High
40,Begur,2025,9,2025-09-01,146.9,24.6,16.33,1049.0,15995,24,46.9,Medium
40,Begur,2025,10,2025-10-01,141.8,22.7,16.11,982.0,15135,23,37.9,Medium
40,Begur,2025,11,2025-11-01,35.6,19.7,16.13,1019.0,16177,25,53.0,Medium
40,Begur,2025,12,2025-12-01,7.7,19.0,16.14,1020.0,15399,24,54.9,Medium
40,Begur,2026,1,2026-01-01,2.6,20.6,16.17,1013.0,15950,31,63.3,High
40,Begur,2026,2,2026-02-01,5.6,22.9,16.26,975.0,15410,32,60.6,High
40,Begur,2026,3,2026-03-01,13.2,24.2,16.45,1569.0,15273,39,75.3,Critical
40,Begur,2026,4,2026-04-01,37.0,28.7,16.68,1637.0,16013,45,92.3,Critical
40,Begur,2026,5,2026-05-01,79.6,30.5,16.88,1625.0,15645,38,76.1,Critical
40,Begur,2026,6,2026-06-01,61.7,30.0,16.98,1061.0,15458,30,66.5,High
